熔断机制,中国,美国,肖钢,交易所,涨跌停板,注册制,上市公司,做空,上市,暂停交易,万科,熔断制度,入市,熔断阈值,
349,0,0,0,0,0,0,0,0,0,0,0,0,0,0,0,
301,0,0,0,0,0,0,0,0,0,0,0,0,0,0,0,
351,0,0,0,0,0,0,0,0,0,0,0,0,0,0,0,
302,0,0,0,0,0,0,0,0,0,0,0,0,0,0,0,
316,0,0,0,0,0,0,0,0,0,0,0,0,0,0,0,
352,0,12,0,0,0,0,0,0,0,0,0,0,0,0,0,
247,12,0,0,0,0,0,0,0,0,0,0,0,0,0,0,
362,20,64,0,0,0,0,2,0,5,0,0,0,0,0,0,
360,43,0,0,0,0,0,0,0,0,0,0,0,0,0,0,
321,23,0,0,0,0,0,0,0,0,0,3,0,0,0,0,
406,190,42,0,0,0,0,0,6,0,12,0,0,0,0,0,
307,0,0,0,0,0,0,0,0,0,0,0,0,0,0,0,
441,32,0,0,0,0,0,0,0,0,0,0,0,0,0,0,
308,57,36,3,0,0,0,0,0,0,0,0,0,0,0,0,
482,6,0,0,0,0,0,2,0,0,0,0,0,0,0,0,
422,4,3,0,0,0,1,0,0,0,0,0,0,0,0,0,
254,0,0,0,0,0,0,0,0,0,0,0,0,0,0,0,
449,1,0,0,0,0,0,0,0,0,0,0,0,0,0,0,
224,72,0,0,0,0,0,0,3,0,11,0,0,0,0,0,
228,195,48,6,0,0,0,11,0,0,0,0,0,0,1,0,
229,36,11,0,0,0,0,0,0,0,0,0,0,0,0,0,
274,6,14,8,0,0,0,0,0,0,0,0,0,0,0,0,
208,40,24,2,0,0,0,0,0,0,0,0,0,0,0,0,
231,0,0,0,0,0,0,0,0,0,0,0,0,0,0,0,
503,60,4,0,0,0,0,0,0,0,0,0,0,0,0,0,
289,297,18,20,0,5,6,0,0,0,0,0,0,0,0,0,
489,5,4,0,0,0,0,0,0,0,0,0,0,0,0,0,
238,45,0,0,0,0,4,0,0,0,0,0,0,0,0,0,
153,48,3,0,0,0,1,1,0,0,0,0,0,0,0,0,
155,12,0,0,0,0,0,0,0,0,0,0,0,0,0,0,
195,0,4,0,0,0,0,0,0,0,0,0,0,0,0,0,
142,16,0,0,0,0,0,0,0,0,0,0,0,0,0,0,
121,16,3,4,0,0,0,0,0,0,0,0,0,0,0,0,
581,110,0,0,0,0,0,0,0,0,0,0,0,0,0,0,
536,100,216,0,0,0,0,0,0,0,0,0,0,0,0,0,
559,3,0,8,0,0,0,0,0,0,0,0,0,0,0,0,
567,52,15,0,0,0,0,0,2,0,4,0,0,0,0,0,
549,14,34,0,0,0,0,0,0,0,0,0,0,0,0,1,
576,138,30,0,0,0,0,0,0,273,0,0,0,0,0,0,
552,15,23,0,0,0,0,0,0,0,0,0,0,5,0,0,
42,10,0,0,0,0,0,0,0,0,0,0,0,4,0,0,
643,60,36,0,0,4,0,0,0,0,0,0,0,0,0,0,
59,224,32,0,0,0,0,0,3,0,6,0,0,0,0,0,
79,68,216,0,225,0,0,10,0,0,6,0,0,0,0,0,
648,1,12,0,0,0,0,0,0,0,0,0,0,0,0,0,
69,0,0,0,0,0,0,0,0,0,0,0,0,0,0,0,
84,4,0,0,0,0,0,0,0,0,0,0,0,0,0,0,
96,57,0,0,0,0,0,0,0,0,0,0,0,0,0,0,
679,54,693,130,0,0,0,0,0,0,0,0,0,0,0,0,
682,72,387,6,0,0,0,0,0,0,0,0,0,0,0,0,
4,8,105,0,0,0,0,0,0,0,0,0,0,0,0,0,
640,16,42,0,0,0,0,0,0,0,0,0,0,0,0,0,
641,0,150,0,19,0,0,4,0,0,0,0,0,0,0,0,
597,0,4,0,0,0,0,0,0,0,0,0,0,0,0,0,
614,56,2,0,0,0,0,0,0,0,0,0,0,0,0,0,
622,0,0,0,0,0,0,0,0,0,0,0,212,0,0,0,
626,0,0,0,0,0,0,0,0,0,0,0,0,0,0,0,
629,0,0,0,0,0,0,0,0,0,0,0,0,0,0,0,
630,0,104,0,0,0,0,0,0,0,0,0,0,0,0,0,
631,23,0,0,0,0,0,0,0,0,0,0,0,0,0,0,
702,0,0,0,0,0,0,0,0,0,0,0,0,0,0,0,
705,8,500,0,0,0,0,0,0,0,0,0,0,0,0,0,
706,0,0,0,0,0,0,0,0,0,0,0,0,0,0,0,
708,0,0,0,0,0,0,0,0,0,0,0,0,0,0,0,
709,0,0,0,0,0,0,0,0,0,0,0,0,0,0,0,
711,0,0,0,0,0,0,0,0,0,0,0,0,0,0,0,
754,0,0,0,0,0,0,0,0,0,0,0,0,0,0,0,
755,0,0,0,0,0,0,0,0,0,0,0,0,0,0,0,
759,20,0,0,0,0,0,0,0,0,0,0,0,0,0,0,
757,0,3,0,0,0,0,0,0,0,0,0,0,0,1,0,
760,4,0,0,0,0,0,0,0,0,0,0,0,0,0,0,
761,0,0,0,0,0,0,0,0,0,0,0,0,0,0,0,
762,3,7,0,0,0,0,0,0,0,0,0,0,0,0,0,
763,0,0,0,0,0,0,0,0,0,0,0,0,0,0,0,
768,0,0,0,0,0,0,0,0,0,0,0,0,0,0,0,
766,16,42,0,198,0,0,1,0,0,0,0,0,0,0,0,
0,0,0,0,0,0,0,0,0,0,0,0,0,0,0,0,
