1:1:0.000000,1:2:0.985459,1:4:0.957007,1:9:0.889420,1:15:0.814587,1:16:0.802742,1:18:0.779565,1:22:0.735201,1:22:0.735201,1:22:0.735201,1:22:0.735201,1:22:0.735201,1:22:0.735201,1:22:0.735201,1:22:0.735201,1:22:0.735201,1:22:0.735201,1:22:0.735201,1:23:0.724510,1:23:0.724510,1:23:0.724510,1:23:0.724510,1:23:0.724510,1:23:0.724510,1:23:0.724510,1:23:0.724510,1:23:0.724510,1:23:0.724510,1:23:0.724510,1:23:0.724510,1:23:0.724510,1:24:0.713975,1:24:0.713975,1:25:0.703592,1:25:0.703592,1:25:0.703592,1:25:0.703592,1:25:0.703592,1:25:0.703592,1:25:0.703592,1:26:0.693361,1:26:0.693361,1:26:0.693361,1:26:0.693361,1:26:0.693361,1:26:0.693361,1:26:0.693361,1:26:0.693361,1:27:0.683279,1:27:0.683279,1:28:0.673343,1:29:0.663552,1:29:0.663552,1:29:0.663552,1:30:0.653903,1:31:0.644394,1:32:0.635024,1:33:0.625789,1:34:0.616690,1:35:0.607722,1:36:0.598885,1:39:0.573137,1:40:0.564803,1:41:0.556590,1:43:0.540520,1:44:0.532660,1:45:0.524915,1:46:0.517282,1:54:0.460081,1:59:0.427589,1:61:0.415244,1:62:0.409205,1:63:0.403255,1:67:0.380306,1:69:0.369326,1:70:0.363956,1:74:0.343243,
2:1:0.000000,2:2:0.000000,2:4:0.971129,2:9:0.902545,2:15:0.826607,2:16:0.814587,2:18:0.791069,2:22:0.746050,2:22:0.746050,2:22:0.746050,2:22:0.746050,2:22:0.746050,2:22:0.746050,2:22:0.746050,2:22:0.746050,2:22:0.746050,2:22:0.746050,2:22:0.746050,2:23:0.735201,2:23:0.735201,2:23:0.735201,2:23:0.735201,2:23:0.735201,2:23:0.735201,2:23:0.735201,2:23:0.735201,2:23:0.735201,2:23:0.735201,2:23:0.735201,2:23:0.735201,2:23:0.735201,2:24:0.724510,2:24:0.724510,2:25:0.713975,2:25:0.713975,2:25:0.713975,2:25:0.713975,2:25:0.713975,2:25:0.713975,2:25:0.713975,2:26:0.703592,2:26:0.703592,2:26:0.703592,2:26:0.703592,2:26:0.703592,2:26:0.703592,2:26:0.703592,2:26:0.703592,2:27:0.693361,2:27:0.693361,2:28:0.683279,2:29:0.673343,2:29:0.673343,2:29:0.673343,2:30:0.663552,2:31:0.653903,2:32:0.644394,2:33:0.635024,2:34:0.625789,2:35:0.616690,2:36:0.607722,2:39:0.581594,2:40:0.573137,2:41:0.564803,2:43:0.548496,2:44:0.540520,2:45:0.532660,2:46:0.524915,2:54:0.466870,2:59:0.433898,2:61:0.421371,2:62:0.415244,2:63:0.409205,2:67:0.385918,2:69:0.374776,2:70:0.369326,2:74:0.348308,
4:1:0.000000,4:2:0.000000,4:4:0.000000,4:9:0.929377,4:15:0.851182,4:16:0.838804,4:18:0.814587,4:22:0.768229,4:22:0.768229,4:22:0.768229,4:22:0.768229,4:22:0.768229,4:22:0.768229,4:22:0.768229,4:22:0.768229,4:22:0.768229,4:22:0.768229,4:22:0.768229,4:23:0.757058,4:23:0.757058,4:23:0.757058,4:23:0.757058,4:23:0.757058,4:23:0.757058,4:23:0.757058,4:23:0.757058,4:23:0.757058,4:23:0.757058,4:23:0.757058,4:23:0.757058,4:23:0.757058,4:24:0.746050,4:24:0.746050,4:25:0.735201,4:25:0.735201,4:25:0.735201,4:25:0.735201,4:25:0.735201,4:25:0.735201,4:25:0.735201,4:26:0.724510,4:26:0.724510,4:26:0.724510,4:26:0.724510,4:26:0.724510,4:26:0.724510,4:26:0.724510,4:26:0.724510,4:27:0.713975,4:27:0.713975,4:28:0.703592,4:29:0.693361,4:29:0.693361,4:29:0.693361,4:30:0.683279,4:31:0.673343,4:32:0.663552,4:33:0.653903,4:34:0.644394,4:35:0.635024,4:36:0.625789,4:39:0.598885,4:40:0.590176,4:41:0.581594,4:43:0.564803,4:44:0.556590,4:45:0.548496,4:46:0.540520,4:54:0.480750,4:59:0.446798,4:61:0.433898,4:62:0.427589,4:63:0.421371,4:67:0.397391,4:69:0.385918,4:70:0.380306,4:74:0.358663,
9:1:0.000000,9:2:0.000000,9:4:0.000000,9:9:0.000000,9:15:0.915863,9:16:0.902545,9:18:0.876487,9:22:0.826607,9:22:0.826607,9:22:0.826607,9:22:0.826607,9:22:0.826607,9:22:0.826607,9:22:0.826607,9:22:0.826607,9:22:0.826607,9:22:0.826607,9:22:0.826607,9:23:0.814587,9:23:0.814587,9:23:0.814587,9:23:0.814587,9:23:0.814587,9:23:0.814587,9:23:0.814587,9:23:0.814587,9:23:0.814587,9:23:0.814587,9:23:0.814587,9:23:0.814587,9:23:0.814587,9:24:0.802742,9:24:0.802742,9:25:0.791069,9:25:0.791069,9:25:0.791069,9:25:0.791069,9:25:0.791069,9:25:0.791069,9:25:0.791069,9:26:0.779565,9:26:0.779565,9:26:0.779565,9:26:0.779565,9:26:0.779565,9:26:0.779565,9:26:0.779565,9:26:0.779565,9:27:0.768229,9:27:0.768229,9:28:0.757058,9:29:0.746050,9:29:0.746050,9:29:0.746050,9:30:0.735201,9:31:0.724510,9:32:0.713975,9:33:0.703592,9:34:0.693361,9:35:0.683279,9:36:0.673343,9:39:0.644394,9:40:0.635024,9:41:0.625789,9:43:0.607722,9:44:0.598885,9:45:0.590176,9:46:0.581594,9:54:0.517282,9:59:0.480750,9:61:0.466870,9:62:0.460081,9:63:0.453391,9:67:0.427589,9:69:0.415244,9:70:0.409205,9:74:0.385918,
15:1:0.000000,15:2:0.000000,15:4:0.000000,15:9:0.000000,15:15:0.000000,15:16:0.985459,15:18:0.957007,15:22:0.902545,15:22:0.902545,15:22:0.902545,15:22:0.902545,15:22:0.902545,15:22:0.902545,15:22:0.902545,15:22:0.902545,15:22:0.902545,15:22:0.902545,15:22:0.902545,15:23:0.889420,15:23:0.889420,15:23:0.889420,15:23:0.889420,15:23:0.889420,15:23:0.889420,15:23:0.889420,15:23:0.889420,15:23:0.889420,15:23:0.889420,15:23:0.889420,15:23:0.889420,15:23:0.889420,15:24:0.876487,15:24:0.876487,15:25:0.863742,15:25:0.863742,15:25:0.863742,15:25:0.863742,15:25:0.863742,15:25:0.863742,15:25:0.863742,15:26:0.851182,15:26:0.851182,15:26:0.851182,15:26:0.851182,15:26:0.851182,15:26:0.851182,15:26:0.851182,15:26:0.851182,15:27:0.838804,15:27:0.838804,15:28:0.826607,15:29:0.814587,15:29:0.814587,15:29:0.814587,15:30:0.802742,15:31:0.791069,15:32:0.779565,15:33:0.768229,15:34:0.757058,15:35:0.746050,15:36:0.735201,15:39:0.703592,15:40:0.693361,15:41:0.683279,15:43:0.663552,15:44:0.653903,15:45:0.644394,15:46:0.635024,15:54:0.564803,15:59:0.524915,15:61:0.509760,15:62:0.502347,15:63:0.495042,15:67:0.466870,15:69:0.453391,15:70:0.446798,15:74:0.421371,
16:1:0.000000,16:2:0.000000,16:4:0.000000,16:9:0.000000,16:15:0.000000,16:16:0.000000,16:18:0.971129,16:22:0.915863,16:22:0.915863,16:22:0.915863,16:22:0.915863,16:22:0.915863,16:22:0.915863,16:22:0.915863,16:22:0.915863,16:22:0.915863,16:22:0.915863,16:22:0.915863,16:23:0.902545,16:23:0.902545,16:23:0.902545,16:23:0.902545,16:23:0.902545,16:23:0.902545,16:23:0.902545,16:23:0.902545,16:23:0.902545,16:23:0.902545,16:23:0.902545,16:23:0.902545,16:23:0.902545,16:24:0.889420,16:24:0.889420,16:25:0.876487,16:25:0.876487,16:25:0.876487,16:25:0.876487,16:25:0.876487,16:25:0.876487,16:25:0.876487,16:26:0.863742,16:26:0.863742,16:26:0.863742,16:26:0.863742,16:26:0.863742,16:26:0.863742,16:26:0.863742,16:26:0.863742,16:27:0.851182,16:27:0.851182,16:28:0.838804,16:29:0.826607,16:29:0.826607,16:29:0.826607,16:30:0.814587,16:31:0.802742,16:32:0.791069,16:33:0.779565,16:34:0.768229,16:35:0.757058,16:36:0.746050,16:39:0.713975,16:40:0.703592,16:41:0.693361,16:43:0.673343,16:44:0.663552,16:45:0.653903,16:46:0.644394,16:54:0.573137,16:59:0.532660,16:61:0.517282,16:62:0.509760,16:63:0.502347,16:67:0.473759,16:69:0.460081,16:70:0.453391,16:74:0.427589,
18:1:0.000000,18:2:0.000000,18:4:0.000000,18:9:0.000000,18:15:0.000000,18:16:0.000000,18:18:0.000000,18:22:0.943091,18:22:0.943091,18:22:0.943091,18:22:0.943091,18:22:0.943091,18:22:0.943091,18:22:0.943091,18:22:0.943091,18:22:0.943091,18:22:0.943091,18:22:0.943091,18:23:0.929377,18:23:0.929377,18:23:0.929377,18:23:0.929377,18:23:0.929377,18:23:0.929377,18:23:0.929377,18:23:0.929377,18:23:0.929377,18:23:0.929377,18:23:0.929377,18:23:0.929377,18:23:0.929377,18:24:0.915863,18:24:0.915863,18:25:0.902545,18:25:0.902545,18:25:0.902545,18:25:0.902545,18:25:0.902545,18:25:0.902545,18:25:0.902545,18:26:0.889420,18:26:0.889420,18:26:0.889420,18:26:0.889420,18:26:0.889420,18:26:0.889420,18:26:0.889420,18:26:0.889420,18:27:0.876487,18:27:0.876487,18:28:0.863742,18:29:0.851182,18:29:0.851182,18:29:0.851182,18:30:0.838804,18:31:0.826607,18:32:0.814587,18:33:0.802742,18:34:0.791069,18:35:0.779565,18:36:0.768229,18:39:0.735201,18:40:0.724510,18:41:0.713975,18:43:0.693361,18:44:0.683279,18:45:0.673343,18:46:0.663552,18:54:0.590176,18:59:0.548496,18:61:0.532660,18:62:0.524915,18:63:0.517282,18:67:0.487844,18:69:0.473759,18:70:0.466870,18:74:0.440301,
22:1:0.000000,22:2:0.000000,22:4:0.000000,22:9:0.000000,22:15:0.000000,22:16:0.000000,22:18:0.000000,22:22:0.000000,22:22:1.000000,22:22:1.000000,22:22:1.000000,22:22:1.000000,22:22:1.000000,22:22:1.000000,22:22:1.000000,22:22:1.000000,22:22:1.000000,22:22:1.000000,22:23:0.985459,22:23:0.985459,22:23:0.985459,22:23:0.985459,22:23:0.985459,22:23:0.985459,22:23:0.985459,22:23:0.985459,22:23:0.985459,22:23:0.985459,22:23:0.985459,22:23:0.985459,22:23:0.985459,22:24:0.971129,22:24:0.971129,22:25:0.957007,22:25:0.957007,22:25:0.957007,22:25:0.957007,22:25:0.957007,22:25:0.957007,22:25:0.957007,22:26:0.943091,22:26:0.943091,22:26:0.943091,22:26:0.943091,22:26:0.943091,22:26:0.943091,22:26:0.943091,22:26:0.943091,22:27:0.929377,22:27:0.929377,22:28:0.915863,22:29:0.902545,22:29:0.902545,22:29:0.902545,22:30:0.889420,22:31:0.876487,22:32:0.863742,22:33:0.851182,22:34:0.838804,22:35:0.826607,22:36:0.814587,22:39:0.779565,22:40:0.768229,22:41:0.757058,22:43:0.735201,22:44:0.724510,22:45:0.713975,22:46:0.703592,22:54:0.625789,22:59:0.581594,22:61:0.564803,22:62:0.556590,22:63:0.548496,22:67:0.517282,22:69:0.502347,22:70:0.495042,22:74:0.466870,
22:1:0.000000,22:2:0.000000,22:4:0.000000,22:9:0.000000,22:15:0.000000,22:16:0.000000,22:18:0.000000,22:22:1.000000,22:22:0.000000,22:22:1.000000,22:22:1.000000,22:22:1.000000,22:22:1.000000,22:22:1.000000,22:22:1.000000,22:22:1.000000,22:22:1.000000,22:22:1.000000,22:23:0.985459,22:23:0.985459,22:23:0.985459,22:23:0.985459,22:23:0.985459,22:23:0.985459,22:23:0.985459,22:23:0.985459,22:23:0.985459,22:23:0.985459,22:23:0.985459,22:23:0.985459,22:23:0.985459,22:24:0.971129,22:24:0.971129,22:25:0.957007,22:25:0.957007,22:25:0.957007,22:25:0.957007,22:25:0.957007,22:25:0.957007,22:25:0.957007,22:26:0.943091,22:26:0.943091,22:26:0.943091,22:26:0.943091,22:26:0.943091,22:26:0.943091,22:26:0.943091,22:26:0.943091,22:27:0.929377,22:27:0.929377,22:28:0.915863,22:29:0.902545,22:29:0.902545,22:29:0.902545,22:30:0.889420,22:31:0.876487,22:32:0.863742,22:33:0.851182,22:34:0.838804,22:35:0.826607,22:36:0.814587,22:39:0.779565,22:40:0.768229,22:41:0.757058,22:43:0.735201,22:44:0.724510,22:45:0.713975,22:46:0.703592,22:54:0.625789,22:59:0.581594,22:61:0.564803,22:62:0.556590,22:63:0.548496,22:67:0.517282,22:69:0.502347,22:70:0.495042,22:74:0.466870,
22:1:0.000000,22:2:0.000000,22:4:0.000000,22:9:0.000000,22:15:0.000000,22:16:0.000000,22:18:0.000000,22:22:1.000000,22:22:1.000000,22:22:0.000000,22:22:1.000000,22:22:1.000000,22:22:1.000000,22:22:1.000000,22:22:1.000000,22:22:1.000000,22:22:1.000000,22:22:1.000000,22:23:0.985459,22:23:0.985459,22:23:0.985459,22:23:0.985459,22:23:0.985459,22:23:0.985459,22:23:0.985459,22:23:0.985459,22:23:0.985459,22:23:0.985459,22:23:0.985459,22:23:0.985459,22:23:0.985459,22:24:0.971129,22:24:0.971129,22:25:0.957007,22:25:0.957007,22:25:0.957007,22:25:0.957007,22:25:0.957007,22:25:0.957007,22:25:0.957007,22:26:0.943091,22:26:0.943091,22:26:0.943091,22:26:0.943091,22:26:0.943091,22:26:0.943091,22:26:0.943091,22:26:0.943091,22:27:0.929377,22:27:0.929377,22:28:0.915863,22:29:0.902545,22:29:0.902545,22:29:0.902545,22:30:0.889420,22:31:0.876487,22:32:0.863742,22:33:0.851182,22:34:0.838804,22:35:0.826607,22:36:0.814587,22:39:0.779565,22:40:0.768229,22:41:0.757058,22:43:0.735201,22:44:0.724510,22:45:0.713975,22:46:0.703592,22:54:0.625789,22:59:0.581594,22:61:0.564803,22:62:0.556590,22:63:0.548496,22:67:0.517282,22:69:0.502347,22:70:0.495042,22:74:0.466870,
22:1:0.000000,22:2:0.000000,22:4:0.000000,22:9:0.000000,22:15:0.000000,22:16:0.000000,22:18:0.000000,22:22:1.000000,22:22:1.000000,22:22:1.000000,22:22:0.000000,22:22:1.000000,22:22:1.000000,22:22:1.000000,22:22:1.000000,22:22:1.000000,22:22:1.000000,22:22:1.000000,22:23:0.985459,22:23:0.985459,22:23:0.985459,22:23:0.985459,22:23:0.985459,22:23:0.985459,22:23:0.985459,22:23:0.985459,22:23:0.985459,22:23:0.985459,22:23:0.985459,22:23:0.985459,22:23:0.985459,22:24:0.971129,22:24:0.971129,22:25:0.957007,22:25:0.957007,22:25:0.957007,22:25:0.957007,22:25:0.957007,22:25:0.957007,22:25:0.957007,22:26:0.943091,22:26:0.943091,22:26:0.943091,22:26:0.943091,22:26:0.943091,22:26:0.943091,22:26:0.943091,22:26:0.943091,22:27:0.929377,22:27:0.929377,22:28:0.915863,22:29:0.902545,22:29:0.902545,22:29:0.902545,22:30:0.889420,22:31:0.876487,22:32:0.863742,22:33:0.851182,22:34:0.838804,22:35:0.826607,22:36:0.814587,22:39:0.779565,22:40:0.768229,22:41:0.757058,22:43:0.735201,22:44:0.724510,22:45:0.713975,22:46:0.703592,22:54:0.625789,22:59:0.581594,22:61:0.564803,22:62:0.556590,22:63:0.548496,22:67:0.517282,22:69:0.502347,22:70:0.495042,22:74:0.466870,
22:1:0.000000,22:2:0.000000,22:4:0.000000,22:9:0.000000,22:15:0.000000,22:16:0.000000,22:18:0.000000,22:22:1.000000,22:22:1.000000,22:22:1.000000,22:22:1.000000,22:22:0.000000,22:22:1.000000,22:22:1.000000,22:22:1.000000,22:22:1.000000,22:22:1.000000,22:22:1.000000,22:23:0.985459,22:23:0.985459,22:23:0.985459,22:23:0.985459,22:23:0.985459,22:23:0.985459,22:23:0.985459,22:23:0.985459,22:23:0.985459,22:23:0.985459,22:23:0.985459,22:23:0.985459,22:23:0.985459,22:24:0.971129,22:24:0.971129,22:25:0.957007,22:25:0.957007,22:25:0.957007,22:25:0.957007,22:25:0.957007,22:25:0.957007,22:25:0.957007,22:26:0.943091,22:26:0.943091,22:26:0.943091,22:26:0.943091,22:26:0.943091,22:26:0.943091,22:26:0.943091,22:26:0.943091,22:27:0.929377,22:27:0.929377,22:28:0.915863,22:29:0.902545,22:29:0.902545,22:29:0.902545,22:30:0.889420,22:31:0.876487,22:32:0.863742,22:33:0.851182,22:34:0.838804,22:35:0.826607,22:36:0.814587,22:39:0.779565,22:40:0.768229,22:41:0.757058,22:43:0.735201,22:44:0.724510,22:45:0.713975,22:46:0.703592,22:54:0.625789,22:59:0.581594,22:61:0.564803,22:62:0.556590,22:63:0.548496,22:67:0.517282,22:69:0.502347,22:70:0.495042,22:74:0.466870,
22:1:0.000000,22:2:0.000000,22:4:0.000000,22:9:0.000000,22:15:0.000000,22:16:0.000000,22:18:0.000000,22:22:1.000000,22:22:1.000000,22:22:1.000000,22:22:1.000000,22:22:1.000000,22:22:0.000000,22:22:1.000000,22:22:1.000000,22:22:1.000000,22:22:1.000000,22:22:1.000000,22:23:0.985459,22:23:0.985459,22:23:0.985459,22:23:0.985459,22:23:0.985459,22:23:0.985459,22:23:0.985459,22:23:0.985459,22:23:0.985459,22:23:0.985459,22:23:0.985459,22:23:0.985459,22:23:0.985459,22:24:0.971129,22:24:0.971129,22:25:0.957007,22:25:0.957007,22:25:0.957007,22:25:0.957007,22:25:0.957007,22:25:0.957007,22:25:0.957007,22:26:0.943091,22:26:0.943091,22:26:0.943091,22:26:0.943091,22:26:0.943091,22:26:0.943091,22:26:0.943091,22:26:0.943091,22:27:0.929377,22:27:0.929377,22:28:0.915863,22:29:0.902545,22:29:0.902545,22:29:0.902545,22:30:0.889420,22:31:0.876487,22:32:0.863742,22:33:0.851182,22:34:0.838804,22:35:0.826607,22:36:0.814587,22:39:0.779565,22:40:0.768229,22:41:0.757058,22:43:0.735201,22:44:0.724510,22:45:0.713975,22:46:0.703592,22:54:0.625789,22:59:0.581594,22:61:0.564803,22:62:0.556590,22:63:0.548496,22:67:0.517282,22:69:0.502347,22:70:0.495042,22:74:0.466870,
22:1:0.000000,22:2:0.000000,22:4:0.000000,22:9:0.000000,22:15:0.000000,22:16:0.000000,22:18:0.000000,22:22:1.000000,22:22:1.000000,22:22:1.000000,22:22:1.000000,22:22:1.000000,22:22:1.000000,22:22:0.000000,22:22:1.000000,22:22:1.000000,22:22:1.000000,22:22:1.000000,22:23:0.985459,22:23:0.985459,22:23:0.985459,22:23:0.985459,22:23:0.985459,22:23:0.985459,22:23:0.985459,22:23:0.985459,22:23:0.985459,22:23:0.985459,22:23:0.985459,22:23:0.985459,22:23:0.985459,22:24:0.971129,22:24:0.971129,22:25:0.957007,22:25:0.957007,22:25:0.957007,22:25:0.957007,22:25:0.957007,22:25:0.957007,22:25:0.957007,22:26:0.943091,22:26:0.943091,22:26:0.943091,22:26:0.943091,22:26:0.943091,22:26:0.943091,22:26:0.943091,22:26:0.943091,22:27:0.929377,22:27:0.929377,22:28:0.915863,22:29:0.902545,22:29:0.902545,22:29:0.902545,22:30:0.889420,22:31:0.876487,22:32:0.863742,22:33:0.851182,22:34:0.838804,22:35:0.826607,22:36:0.814587,22:39:0.779565,22:40:0.768229,22:41:0.757058,22:43:0.735201,22:44:0.724510,22:45:0.713975,22:46:0.703592,22:54:0.625789,22:59:0.581594,22:61:0.564803,22:62:0.556590,22:63:0.548496,22:67:0.517282,22:69:0.502347,22:70:0.495042,22:74:0.466870,
22:1:0.000000,22:2:0.000000,22:4:0.000000,22:9:0.000000,22:15:0.000000,22:16:0.000000,22:18:0.000000,22:22:1.000000,22:22:1.000000,22:22:1.000000,22:22:1.000000,22:22:1.000000,22:22:1.000000,22:22:1.000000,22:22:0.000000,22:22:1.000000,22:22:1.000000,22:22:1.000000,22:23:0.985459,22:23:0.985459,22:23:0.985459,22:23:0.985459,22:23:0.985459,22:23:0.985459,22:23:0.985459,22:23:0.985459,22:23:0.985459,22:23:0.985459,22:23:0.985459,22:23:0.985459,22:23:0.985459,22:24:0.971129,22:24:0.971129,22:25:0.957007,22:25:0.957007,22:25:0.957007,22:25:0.957007,22:25:0.957007,22:25:0.957007,22:25:0.957007,22:26:0.943091,22:26:0.943091,22:26:0.943091,22:26:0.943091,22:26:0.943091,22:26:0.943091,22:26:0.943091,22:26:0.943091,22:27:0.929377,22:27:0.929377,22:28:0.915863,22:29:0.902545,22:29:0.902545,22:29:0.902545,22:30:0.889420,22:31:0.876487,22:32:0.863742,22:33:0.851182,22:34:0.838804,22:35:0.826607,22:36:0.814587,22:39:0.779565,22:40:0.768229,22:41:0.757058,22:43:0.735201,22:44:0.724510,22:45:0.713975,22:46:0.703592,22:54:0.625789,22:59:0.581594,22:61:0.564803,22:62:0.556590,22:63:0.548496,22:67:0.517282,22:69:0.502347,22:70:0.495042,22:74:0.466870,
22:1:0.000000,22:2:0.000000,22:4:0.000000,22:9:0.000000,22:15:0.000000,22:16:0.000000,22:18:0.000000,22:22:1.000000,22:22:1.000000,22:22:1.000000,22:22:1.000000,22:22:1.000000,22:22:1.000000,22:22:1.000000,22:22:1.000000,22:22:0.000000,22:22:1.000000,22:22:1.000000,22:23:0.985459,22:23:0.985459,22:23:0.985459,22:23:0.985459,22:23:0.985459,22:23:0.985459,22:23:0.985459,22:23:0.985459,22:23:0.985459,22:23:0.985459,22:23:0.985459,22:23:0.985459,22:23:0.985459,22:24:0.971129,22:24:0.971129,22:25:0.957007,22:25:0.957007,22:25:0.957007,22:25:0.957007,22:25:0.957007,22:25:0.957007,22:25:0.957007,22:26:0.943091,22:26:0.943091,22:26:0.943091,22:26:0.943091,22:26:0.943091,22:26:0.943091,22:26:0.943091,22:26:0.943091,22:27:0.929377,22:27:0.929377,22:28:0.915863,22:29:0.902545,22:29:0.902545,22:29:0.902545,22:30:0.889420,22:31:0.876487,22:32:0.863742,22:33:0.851182,22:34:0.838804,22:35:0.826607,22:36:0.814587,22:39:0.779565,22:40:0.768229,22:41:0.757058,22:43:0.735201,22:44:0.724510,22:45:0.713975,22:46:0.703592,22:54:0.625789,22:59:0.581594,22:61:0.564803,22:62:0.556590,22:63:0.548496,22:67:0.517282,22:69:0.502347,22:70:0.495042,22:74:0.466870,
22:1:0.000000,22:2:0.000000,22:4:0.000000,22:9:0.000000,22:15:0.000000,22:16:0.000000,22:18:0.000000,22:22:1.000000,22:22:1.000000,22:22:1.000000,22:22:1.000000,22:22:1.000000,22:22:1.000000,22:22:1.000000,22:22:1.000000,22:22:1.000000,22:22:0.000000,22:22:1.000000,22:23:0.985459,22:23:0.985459,22:23:0.985459,22:23:0.985459,22:23:0.985459,22:23:0.985459,22:23:0.985459,22:23:0.985459,22:23:0.985459,22:23:0.985459,22:23:0.985459,22:23:0.985459,22:23:0.985459,22:24:0.971129,22:24:0.971129,22:25:0.957007,22:25:0.957007,22:25:0.957007,22:25:0.957007,22:25:0.957007,22:25:0.957007,22:25:0.957007,22:26:0.943091,22:26:0.943091,22:26:0.943091,22:26:0.943091,22:26:0.943091,22:26:0.943091,22:26:0.943091,22:26:0.943091,22:27:0.929377,22:27:0.929377,22:28:0.915863,22:29:0.902545,22:29:0.902545,22:29:0.902545,22:30:0.889420,22:31:0.876487,22:32:0.863742,22:33:0.851182,22:34:0.838804,22:35:0.826607,22:36:0.814587,22:39:0.779565,22:40:0.768229,22:41:0.757058,22:43:0.735201,22:44:0.724510,22:45:0.713975,22:46:0.703592,22:54:0.625789,22:59:0.581594,22:61:0.564803,22:62:0.556590,22:63:0.548496,22:67:0.517282,22:69:0.502347,22:70:0.495042,22:74:0.466870,
22:1:0.000000,22:2:0.000000,22:4:0.000000,22:9:0.000000,22:15:0.000000,22:16:0.000000,22:18:0.000000,22:22:1.000000,22:22:1.000000,22:22:1.000000,22:22:1.000000,22:22:1.000000,22:22:1.000000,22:22:1.000000,22:22:1.000000,22:22:1.000000,22:22:1.000000,22:22:0.000000,22:23:0.985459,22:23:0.985459,22:23:0.985459,22:23:0.985459,22:23:0.985459,22:23:0.985459,22:23:0.985459,22:23:0.985459,22:23:0.985459,22:23:0.985459,22:23:0.985459,22:23:0.985459,22:23:0.985459,22:24:0.971129,22:24:0.971129,22:25:0.957007,22:25:0.957007,22:25:0.957007,22:25:0.957007,22:25:0.957007,22:25:0.957007,22:25:0.957007,22:26:0.943091,22:26:0.943091,22:26:0.943091,22:26:0.943091,22:26:0.943091,22:26:0.943091,22:26:0.943091,22:26:0.943091,22:27:0.929377,22:27:0.929377,22:28:0.915863,22:29:0.902545,22:29:0.902545,22:29:0.902545,22:30:0.889420,22:31:0.876487,22:32:0.863742,22:33:0.851182,22:34:0.838804,22:35:0.826607,22:36:0.814587,22:39:0.779565,22:40:0.768229,22:41:0.757058,22:43:0.735201,22:44:0.724510,22:45:0.713975,22:46:0.703592,22:54:0.625789,22:59:0.581594,22:61:0.564803,22:62:0.556590,22:63:0.548496,22:67:0.517282,22:69:0.502347,22:70:0.495042,22:74:0.466870,
23:1:0.000000,23:2:0.000000,23:4:0.000000,23:9:0.000000,23:15:0.000000,23:16:0.000000,23:18:0.000000,23:22:0.000000,23:22:0.000000,23:22:0.000000,23:22:0.000000,23:22:0.000000,23:22:0.000000,23:22:0.000000,23:22:0.000000,23:22:0.000000,23:22:0.000000,23:22:0.000000,23:23:0.000000,23:23:1.000000,23:23:1.000000,23:23:1.000000,23:23:1.000000,23:23:1.000000,23:23:1.000000,23:23:1.000000,23:23:1.000000,23:23:1.000000,23:23:1.000000,23:23:1.000000,23:23:1.000000,23:24:0.985459,23:24:0.985459,23:25:0.971129,23:25:0.971129,23:25:0.971129,23:25:0.971129,23:25:0.971129,23:25:0.971129,23:25:0.971129,23:26:0.957007,23:26:0.957007,23:26:0.957007,23:26:0.957007,23:26:0.957007,23:26:0.957007,23:26:0.957007,23:26:0.957007,23:27:0.943091,23:27:0.943091,23:28:0.929377,23:29:0.915863,23:29:0.915863,23:29:0.915863,23:30:0.902545,23:31:0.889420,23:32:0.876487,23:33:0.863742,23:34:0.851182,23:35:0.838804,23:36:0.826607,23:39:0.791069,23:40:0.779565,23:41:0.768229,23:43:0.746050,23:44:0.735201,23:45:0.724510,23:46:0.713975,23:54:0.635024,23:59:0.590176,23:61:0.573137,23:62:0.564803,23:63:0.556590,23:67:0.524915,23:69:0.509760,23:70:0.502347,23:74:0.473759,
23:1:0.000000,23:2:0.000000,23:4:0.000000,23:9:0.000000,23:15:0.000000,23:16:0.000000,23:18:0.000000,23:22:0.000000,23:22:0.000000,23:22:0.000000,23:22:0.000000,23:22:0.000000,23:22:0.000000,23:22:0.000000,23:22:0.000000,23:22:0.000000,23:22:0.000000,23:22:0.000000,23:23:1.000000,23:23:0.000000,23:23:1.000000,23:23:1.000000,23:23:1.000000,23:23:1.000000,23:23:1.000000,23:23:1.000000,23:23:1.000000,23:23:1.000000,23:23:1.000000,23:23:1.000000,23:23:1.000000,23:24:0.985459,23:24:0.985459,23:25:0.971129,23:25:0.971129,23:25:0.971129,23:25:0.971129,23:25:0.971129,23:25:0.971129,23:25:0.971129,23:26:0.957007,23:26:0.957007,23:26:0.957007,23:26:0.957007,23:26:0.957007,23:26:0.957007,23:26:0.957007,23:26:0.957007,23:27:0.943091,23:27:0.943091,23:28:0.929377,23:29:0.915863,23:29:0.915863,23:29:0.915863,23:30:0.902545,23:31:0.889420,23:32:0.876487,23:33:0.863742,23:34:0.851182,23:35:0.838804,23:36:0.826607,23:39:0.791069,23:40:0.779565,23:41:0.768229,23:43:0.746050,23:44:0.735201,23:45:0.724510,23:46:0.713975,23:54:0.635024,23:59:0.590176,23:61:0.573137,23:62:0.564803,23:63:0.556590,23:67:0.524915,23:69:0.509760,23:70:0.502347,23:74:0.473759,
23:1:0.000000,23:2:0.000000,23:4:0.000000,23:9:0.000000,23:15:0.000000,23:16:0.000000,23:18:0.000000,23:22:0.000000,23:22:0.000000,23:22:0.000000,23:22:0.000000,23:22:0.000000,23:22:0.000000,23:22:0.000000,23:22:0.000000,23:22:0.000000,23:22:0.000000,23:22:0.000000,23:23:1.000000,23:23:1.000000,23:23:0.000000,23:23:1.000000,23:23:1.000000,23:23:1.000000,23:23:1.000000,23:23:1.000000,23:23:1.000000,23:23:1.000000,23:23:1.000000,23:23:1.000000,23:23:1.000000,23:24:0.985459,23:24:0.985459,23:25:0.971129,23:25:0.971129,23:25:0.971129,23:25:0.971129,23:25:0.971129,23:25:0.971129,23:25:0.971129,23:26:0.957007,23:26:0.957007,23:26:0.957007,23:26:0.957007,23:26:0.957007,23:26:0.957007,23:26:0.957007,23:26:0.957007,23:27:0.943091,23:27:0.943091,23:28:0.929377,23:29:0.915863,23:29:0.915863,23:29:0.915863,23:30:0.902545,23:31:0.889420,23:32:0.876487,23:33:0.863742,23:34:0.851182,23:35:0.838804,23:36:0.826607,23:39:0.791069,23:40:0.779565,23:41:0.768229,23:43:0.746050,23:44:0.735201,23:45:0.724510,23:46:0.713975,23:54:0.635024,23:59:0.590176,23:61:0.573137,23:62:0.564803,23:63:0.556590,23:67:0.524915,23:69:0.509760,23:70:0.502347,23:74:0.473759,
23:1:0.000000,23:2:0.000000,23:4:0.000000,23:9:0.000000,23:15:0.000000,23:16:0.000000,23:18:0.000000,23:22:0.000000,23:22:0.000000,23:22:0.000000,23:22:0.000000,23:22:0.000000,23:22:0.000000,23:22:0.000000,23:22:0.000000,23:22:0.000000,23:22:0.000000,23:22:0.000000,23:23:1.000000,23:23:1.000000,23:23:1.000000,23:23:0.000000,23:23:1.000000,23:23:1.000000,23:23:1.000000,23:23:1.000000,23:23:1.000000,23:23:1.000000,23:23:1.000000,23:23:1.000000,23:23:1.000000,23:24:0.985459,23:24:0.985459,23:25:0.971129,23:25:0.971129,23:25:0.971129,23:25:0.971129,23:25:0.971129,23:25:0.971129,23:25:0.971129,23:26:0.957007,23:26:0.957007,23:26:0.957007,23:26:0.957007,23:26:0.957007,23:26:0.957007,23:26:0.957007,23:26:0.957007,23:27:0.943091,23:27:0.943091,23:28:0.929377,23:29:0.915863,23:29:0.915863,23:29:0.915863,23:30:0.902545,23:31:0.889420,23:32:0.876487,23:33:0.863742,23:34:0.851182,23:35:0.838804,23:36:0.826607,23:39:0.791069,23:40:0.779565,23:41:0.768229,23:43:0.746050,23:44:0.735201,23:45:0.724510,23:46:0.713975,23:54:0.635024,23:59:0.590176,23:61:0.573137,23:62:0.564803,23:63:0.556590,23:67:0.524915,23:69:0.509760,23:70:0.502347,23:74:0.473759,
23:1:0.000000,23:2:0.000000,23:4:0.000000,23:9:0.000000,23:15:0.000000,23:16:0.000000,23:18:0.000000,23:22:0.000000,23:22:0.000000,23:22:0.000000,23:22:0.000000,23:22:0.000000,23:22:0.000000,23:22:0.000000,23:22:0.000000,23:22:0.000000,23:22:0.000000,23:22:0.000000,23:23:1.000000,23:23:1.000000,23:23:1.000000,23:23:1.000000,23:23:0.000000,23:23:1.000000,23:23:1.000000,23:23:1.000000,23:23:1.000000,23:23:1.000000,23:23:1.000000,23:23:1.000000,23:23:1.000000,23:24:0.985459,23:24:0.985459,23:25:0.971129,23:25:0.971129,23:25:0.971129,23:25:0.971129,23:25:0.971129,23:25:0.971129,23:25:0.971129,23:26:0.957007,23:26:0.957007,23:26:0.957007,23:26:0.957007,23:26:0.957007,23:26:0.957007,23:26:0.957007,23:26:0.957007,23:27:0.943091,23:27:0.943091,23:28:0.929377,23:29:0.915863,23:29:0.915863,23:29:0.915863,23:30:0.902545,23:31:0.889420,23:32:0.876487,23:33:0.863742,23:34:0.851182,23:35:0.838804,23:36:0.826607,23:39:0.791069,23:40:0.779565,23:41:0.768229,23:43:0.746050,23:44:0.735201,23:45:0.724510,23:46:0.713975,23:54:0.635024,23:59:0.590176,23:61:0.573137,23:62:0.564803,23:63:0.556590,23:67:0.524915,23:69:0.509760,23:70:0.502347,23:74:0.473759,
23:1:0.000000,23:2:0.000000,23:4:0.000000,23:9:0.000000,23:15:0.000000,23:16:0.000000,23:18:0.000000,23:22:0.000000,23:22:0.000000,23:22:0.000000,23:22:0.000000,23:22:0.000000,23:22:0.000000,23:22:0.000000,23:22:0.000000,23:22:0.000000,23:22:0.000000,23:22:0.000000,23:23:1.000000,23:23:1.000000,23:23:1.000000,23:23:1.000000,23:23:1.000000,23:23:0.000000,23:23:1.000000,23:23:1.000000,23:23:1.000000,23:23:1.000000,23:23:1.000000,23:23:1.000000,23:23:1.000000,23:24:0.985459,23:24:0.985459,23:25:0.971129,23:25:0.971129,23:25:0.971129,23:25:0.971129,23:25:0.971129,23:25:0.971129,23:25:0.971129,23:26:0.957007,23:26:0.957007,23:26:0.957007,23:26:0.957007,23:26:0.957007,23:26:0.957007,23:26:0.957007,23:26:0.957007,23:27:0.943091,23:27:0.943091,23:28:0.929377,23:29:0.915863,23:29:0.915863,23:29:0.915863,23:30:0.902545,23:31:0.889420,23:32:0.876487,23:33:0.863742,23:34:0.851182,23:35:0.838804,23:36:0.826607,23:39:0.791069,23:40:0.779565,23:41:0.768229,23:43:0.746050,23:44:0.735201,23:45:0.724510,23:46:0.713975,23:54:0.635024,23:59:0.590176,23:61:0.573137,23:62:0.564803,23:63:0.556590,23:67:0.524915,23:69:0.509760,23:70:0.502347,23:74:0.473759,
23:1:0.000000,23:2:0.000000,23:4:0.000000,23:9:0.000000,23:15:0.000000,23:16:0.000000,23:18:0.000000,23:22:0.000000,23:22:0.000000,23:22:0.000000,23:22:0.000000,23:22:0.000000,23:22:0.000000,23:22:0.000000,23:22:0.000000,23:22:0.000000,23:22:0.000000,23:22:0.000000,23:23:1.000000,23:23:1.000000,23:23:1.000000,23:23:1.000000,23:23:1.000000,23:23:1.000000,23:23:0.000000,23:23:1.000000,23:23:1.000000,23:23:1.000000,23:23:1.000000,23:23:1.000000,23:23:1.000000,23:24:0.985459,23:24:0.985459,23:25:0.971129,23:25:0.971129,23:25:0.971129,23:25:0.971129,23:25:0.971129,23:25:0.971129,23:25:0.971129,23:26:0.957007,23:26:0.957007,23:26:0.957007,23:26:0.957007,23:26:0.957007,23:26:0.957007,23:26:0.957007,23:26:0.957007,23:27:0.943091,23:27:0.943091,23:28:0.929377,23:29:0.915863,23:29:0.915863,23:29:0.915863,23:30:0.902545,23:31:0.889420,23:32:0.876487,23:33:0.863742,23:34:0.851182,23:35:0.838804,23:36:0.826607,23:39:0.791069,23:40:0.779565,23:41:0.768229,23:43:0.746050,23:44:0.735201,23:45:0.724510,23:46:0.713975,23:54:0.635024,23:59:0.590176,23:61:0.573137,23:62:0.564803,23:63:0.556590,23:67:0.524915,23:69:0.509760,23:70:0.502347,23:74:0.473759,
23:1:0.000000,23:2:0.000000,23:4:0.000000,23:9:0.000000,23:15:0.000000,23:16:0.000000,23:18:0.000000,23:22:0.000000,23:22:0.000000,23:22:0.000000,23:22:0.000000,23:22:0.000000,23:22:0.000000,23:22:0.000000,23:22:0.000000,23:22:0.000000,23:22:0.000000,23:22:0.000000,23:23:1.000000,23:23:1.000000,23:23:1.000000,23:23:1.000000,23:23:1.000000,23:23:1.000000,23:23:1.000000,23:23:0.000000,23:23:1.000000,23:23:1.000000,23:23:1.000000,23:23:1.000000,23:23:1.000000,23:24:0.985459,23:24:0.985459,23:25:0.971129,23:25:0.971129,23:25:0.971129,23:25:0.971129,23:25:0.971129,23:25:0.971129,23:25:0.971129,23:26:0.957007,23:26:0.957007,23:26:0.957007,23:26:0.957007,23:26:0.957007,23:26:0.957007,23:26:0.957007,23:26:0.957007,23:27:0.943091,23:27:0.943091,23:28:0.929377,23:29:0.915863,23:29:0.915863,23:29:0.915863,23:30:0.902545,23:31:0.889420,23:32:0.876487,23:33:0.863742,23:34:0.851182,23:35:0.838804,23:36:0.826607,23:39:0.791069,23:40:0.779565,23:41:0.768229,23:43:0.746050,23:44:0.735201,23:45:0.724510,23:46:0.713975,23:54:0.635024,23:59:0.590176,23:61:0.573137,23:62:0.564803,23:63:0.556590,23:67:0.524915,23:69:0.509760,23:70:0.502347,23:74:0.473759,
23:1:0.000000,23:2:0.000000,23:4:0.000000,23:9:0.000000,23:15:0.000000,23:16:0.000000,23:18:0.000000,23:22:0.000000,23:22:0.000000,23:22:0.000000,23:22:0.000000,23:22:0.000000,23:22:0.000000,23:22:0.000000,23:22:0.000000,23:22:0.000000,23:22:0.000000,23:22:0.000000,23:23:1.000000,23:23:1.000000,23:23:1.000000,23:23:1.000000,23:23:1.000000,23:23:1.000000,23:23:1.000000,23:23:1.000000,23:23:0.000000,23:23:1.000000,23:23:1.000000,23:23:1.000000,23:23:1.000000,23:24:0.985459,23:24:0.985459,23:25:0.971129,23:25:0.971129,23:25:0.971129,23:25:0.971129,23:25:0.971129,23:25:0.971129,23:25:0.971129,23:26:0.957007,23:26:0.957007,23:26:0.957007,23:26:0.957007,23:26:0.957007,23:26:0.957007,23:26:0.957007,23:26:0.957007,23:27:0.943091,23:27:0.943091,23:28:0.929377,23:29:0.915863,23:29:0.915863,23:29:0.915863,23:30:0.902545,23:31:0.889420,23:32:0.876487,23:33:0.863742,23:34:0.851182,23:35:0.838804,23:36:0.826607,23:39:0.791069,23:40:0.779565,23:41:0.768229,23:43:0.746050,23:44:0.735201,23:45:0.724510,23:46:0.713975,23:54:0.635024,23:59:0.590176,23:61:0.573137,23:62:0.564803,23:63:0.556590,23:67:0.524915,23:69:0.509760,23:70:0.502347,23:74:0.473759,
23:1:0.000000,23:2:0.000000,23:4:0.000000,23:9:0.000000,23:15:0.000000,23:16:0.000000,23:18:0.000000,23:22:0.000000,23:22:0.000000,23:22:0.000000,23:22:0.000000,23:22:0.000000,23:22:0.000000,23:22:0.000000,23:22:0.000000,23:22:0.000000,23:22:0.000000,23:22:0.000000,23:23:1.000000,23:23:1.000000,23:23:1.000000,23:23:1.000000,23:23:1.000000,23:23:1.000000,23:23:1.000000,23:23:1.000000,23:23:1.000000,23:23:0.000000,23:23:1.000000,23:23:1.000000,23:23:1.000000,23:24:0.985459,23:24:0.985459,23:25:0.971129,23:25:0.971129,23:25:0.971129,23:25:0.971129,23:25:0.971129,23:25:0.971129,23:25:0.971129,23:26:0.957007,23:26:0.957007,23:26:0.957007,23:26:0.957007,23:26:0.957007,23:26:0.957007,23:26:0.957007,23:26:0.957007,23:27:0.943091,23:27:0.943091,23:28:0.929377,23:29:0.915863,23:29:0.915863,23:29:0.915863,23:30:0.902545,23:31:0.889420,23:32:0.876487,23:33:0.863742,23:34:0.851182,23:35:0.838804,23:36:0.826607,23:39:0.791069,23:40:0.779565,23:41:0.768229,23:43:0.746050,23:44:0.735201,23:45:0.724510,23:46:0.713975,23:54:0.635024,23:59:0.590176,23:61:0.573137,23:62:0.564803,23:63:0.556590,23:67:0.524915,23:69:0.509760,23:70:0.502347,23:74:0.473759,
23:1:0.000000,23:2:0.000000,23:4:0.000000,23:9:0.000000,23:15:0.000000,23:16:0.000000,23:18:0.000000,23:22:0.000000,23:22:0.000000,23:22:0.000000,23:22:0.000000,23:22:0.000000,23:22:0.000000,23:22:0.000000,23:22:0.000000,23:22:0.000000,23:22:0.000000,23:22:0.000000,23:23:1.000000,23:23:1.000000,23:23:1.000000,23:23:1.000000,23:23:1.000000,23:23:1.000000,23:23:1.000000,23:23:1.000000,23:23:1.000000,23:23:1.000000,23:23:0.000000,23:23:1.000000,23:23:1.000000,23:24:0.985459,23:24:0.985459,23:25:0.971129,23:25:0.971129,23:25:0.971129,23:25:0.971129,23:25:0.971129,23:25:0.971129,23:25:0.971129,23:26:0.957007,23:26:0.957007,23:26:0.957007,23:26:0.957007,23:26:0.957007,23:26:0.957007,23:26:0.957007,23:26:0.957007,23:27:0.943091,23:27:0.943091,23:28:0.929377,23:29:0.915863,23:29:0.915863,23:29:0.915863,23:30:0.902545,23:31:0.889420,23:32:0.876487,23:33:0.863742,23:34:0.851182,23:35:0.838804,23:36:0.826607,23:39:0.791069,23:40:0.779565,23:41:0.768229,23:43:0.746050,23:44:0.735201,23:45:0.724510,23:46:0.713975,23:54:0.635024,23:59:0.590176,23:61:0.573137,23:62:0.564803,23:63:0.556590,23:67:0.524915,23:69:0.509760,23:70:0.502347,23:74:0.473759,
23:1:0.000000,23:2:0.000000,23:4:0.000000,23:9:0.000000,23:15:0.000000,23:16:0.000000,23:18:0.000000,23:22:0.000000,23:22:0.000000,23:22:0.000000,23:22:0.000000,23:22:0.000000,23:22:0.000000,23:22:0.000000,23:22:0.000000,23:22:0.000000,23:22:0.000000,23:22:0.000000,23:23:1.000000,23:23:1.000000,23:23:1.000000,23:23:1.000000,23:23:1.000000,23:23:1.000000,23:23:1.000000,23:23:1.000000,23:23:1.000000,23:23:1.000000,23:23:1.000000,23:23:0.000000,23:23:1.000000,23:24:0.985459,23:24:0.985459,23:25:0.971129,23:25:0.971129,23:25:0.971129,23:25:0.971129,23:25:0.971129,23:25:0.971129,23:25:0.971129,23:26:0.957007,23:26:0.957007,23:26:0.957007,23:26:0.957007,23:26:0.957007,23:26:0.957007,23:26:0.957007,23:26:0.957007,23:27:0.943091,23:27:0.943091,23:28:0.929377,23:29:0.915863,23:29:0.915863,23:29:0.915863,23:30:0.902545,23:31:0.889420,23:32:0.876487,23:33:0.863742,23:34:0.851182,23:35:0.838804,23:36:0.826607,23:39:0.791069,23:40:0.779565,23:41:0.768229,23:43:0.746050,23:44:0.735201,23:45:0.724510,23:46:0.713975,23:54:0.635024,23:59:0.590176,23:61:0.573137,23:62:0.564803,23:63:0.556590,23:67:0.524915,23:69:0.509760,23:70:0.502347,23:74:0.473759,
23:1:0.000000,23:2:0.000000,23:4:0.000000,23:9:0.000000,23:15:0.000000,23:16:0.000000,23:18:0.000000,23:22:0.000000,23:22:0.000000,23:22:0.000000,23:22:0.000000,23:22:0.000000,23:22:0.000000,23:22:0.000000,23:22:0.000000,23:22:0.000000,23:22:0.000000,23:22:0.000000,23:23:1.000000,23:23:1.000000,23:23:1.000000,23:23:1.000000,23:23:1.000000,23:23:1.000000,23:23:1.000000,23:23:1.000000,23:23:1.000000,23:23:1.000000,23:23:1.000000,23:23:1.000000,23:23:0.000000,23:24:0.985459,23:24:0.985459,23:25:0.971129,23:25:0.971129,23:25:0.971129,23:25:0.971129,23:25:0.971129,23:25:0.971129,23:25:0.971129,23:26:0.957007,23:26:0.957007,23:26:0.957007,23:26:0.957007,23:26:0.957007,23:26:0.957007,23:26:0.957007,23:26:0.957007,23:27:0.943091,23:27:0.943091,23:28:0.929377,23:29:0.915863,23:29:0.915863,23:29:0.915863,23:30:0.902545,23:31:0.889420,23:32:0.876487,23:33:0.863742,23:34:0.851182,23:35:0.838804,23:36:0.826607,23:39:0.791069,23:40:0.779565,23:41:0.768229,23:43:0.746050,23:44:0.735201,23:45:0.724510,23:46:0.713975,23:54:0.635024,23:59:0.590176,23:61:0.573137,23:62:0.564803,23:63:0.556590,23:67:0.524915,23:69:0.509760,23:70:0.502347,23:74:0.473759,
24:1:0.000000,24:2:0.000000,24:4:0.000000,24:9:0.000000,24:15:0.000000,24:16:0.000000,24:18:0.000000,24:22:0.000000,24:22:0.000000,24:22:0.000000,24:22:0.000000,24:22:0.000000,24:22:0.000000,24:22:0.000000,24:22:0.000000,24:22:0.000000,24:22:0.000000,24:22:0.000000,24:23:0.000000,24:23:0.000000,24:23:0.000000,24:23:0.000000,24:23:0.000000,24:23:0.000000,24:23:0.000000,24:23:0.000000,24:23:0.000000,24:23:0.000000,24:23:0.000000,24:23:0.000000,24:23:0.000000,24:24:0.000000,24:24:1.000000,24:25:0.985459,24:25:0.985459,24:25:0.985459,24:25:0.985459,24:25:0.985459,24:25:0.985459,24:25:0.985459,24:26:0.971129,24:26:0.971129,24:26:0.971129,24:26:0.971129,24:26:0.971129,24:26:0.971129,24:26:0.971129,24:26:0.971129,24:27:0.957007,24:27:0.957007,24:28:0.943091,24:29:0.929377,24:29:0.929377,24:29:0.929377,24:30:0.915863,24:31:0.902545,24:32:0.889420,24:33:0.876487,24:34:0.863742,24:35:0.851182,24:36:0.838804,24:39:0.802742,24:40:0.791069,24:41:0.779565,24:43:0.757058,24:44:0.746050,24:45:0.735201,24:46:0.724510,24:54:0.644394,24:59:0.598885,24:61:0.581594,24:62:0.573137,24:63:0.564803,24:67:0.532660,24:69:0.517282,24:70:0.509760,24:74:0.480750,
24:1:0.000000,24:2:0.000000,24:4:0.000000,24:9:0.000000,24:15:0.000000,24:16:0.000000,24:18:0.000000,24:22:0.000000,24:22:0.000000,24:22:0.000000,24:22:0.000000,24:22:0.000000,24:22:0.000000,24:22:0.000000,24:22:0.000000,24:22:0.000000,24:22:0.000000,24:22:0.000000,24:23:0.000000,24:23:0.000000,24:23:0.000000,24:23:0.000000,24:23:0.000000,24:23:0.000000,24:23:0.000000,24:23:0.000000,24:23:0.000000,24:23:0.000000,24:23:0.000000,24:23:0.000000,24:23:0.000000,24:24:1.000000,24:24:0.000000,24:25:0.985459,24:25:0.985459,24:25:0.985459,24:25:0.985459,24:25:0.985459,24:25:0.985459,24:25:0.985459,24:26:0.971129,24:26:0.971129,24:26:0.971129,24:26:0.971129,24:26:0.971129,24:26:0.971129,24:26:0.971129,24:26:0.971129,24:27:0.957007,24:27:0.957007,24:28:0.943091,24:29:0.929377,24:29:0.929377,24:29:0.929377,24:30:0.915863,24:31:0.902545,24:32:0.889420,24:33:0.876487,24:34:0.863742,24:35:0.851182,24:36:0.838804,24:39:0.802742,24:40:0.791069,24:41:0.779565,24:43:0.757058,24:44:0.746050,24:45:0.735201,24:46:0.724510,24:54:0.644394,24:59:0.598885,24:61:0.581594,24:62:0.573137,24:63:0.564803,24:67:0.532660,24:69:0.517282,24:70:0.509760,24:74:0.480750,
25:1:0.000000,25:2:0.000000,25:4:0.000000,25:9:0.000000,25:15:0.000000,25:16:0.000000,25:18:0.000000,25:22:0.000000,25:22:0.000000,25:22:0.000000,25:22:0.000000,25:22:0.000000,25:22:0.000000,25:22:0.000000,25:22:0.000000,25:22:0.000000,25:22:0.000000,25:22:0.000000,25:23:0.000000,25:23:0.000000,25:23:0.000000,25:23:0.000000,25:23:0.000000,25:23:0.000000,25:23:0.000000,25:23:0.000000,25:23:0.000000,25:23:0.000000,25:23:0.000000,25:23:0.000000,25:23:0.000000,25:24:0.000000,25:24:0.000000,25:25:0.000000,25:25:1.000000,25:25:1.000000,25:25:1.000000,25:25:1.000000,25:25:1.000000,25:25:1.000000,25:26:0.985459,25:26:0.985459,25:26:0.985459,25:26:0.985459,25:26:0.985459,25:26:0.985459,25:26:0.985459,25:26:0.985459,25:27:0.971129,25:27:0.971129,25:28:0.957007,25:29:0.943091,25:29:0.943091,25:29:0.943091,25:30:0.929377,25:31:0.915863,25:32:0.902545,25:33:0.889420,25:34:0.876487,25:35:0.863742,25:36:0.851182,25:39:0.814587,25:40:0.802742,25:41:0.791069,25:43:0.768229,25:44:0.757058,25:45:0.746050,25:46:0.735201,25:54:0.653903,25:59:0.607722,25:61:0.590176,25:62:0.581594,25:63:0.573137,25:67:0.540520,25:69:0.524915,25:70:0.517282,25:74:0.487844,
25:1:0.000000,25:2:0.000000,25:4:0.000000,25:9:0.000000,25:15:0.000000,25:16:0.000000,25:18:0.000000,25:22:0.000000,25:22:0.000000,25:22:0.000000,25:22:0.000000,25:22:0.000000,25:22:0.000000,25:22:0.000000,25:22:0.000000,25:22:0.000000,25:22:0.000000,25:22:0.000000,25:23:0.000000,25:23:0.000000,25:23:0.000000,25:23:0.000000,25:23:0.000000,25:23:0.000000,25:23:0.000000,25:23:0.000000,25:23:0.000000,25:23:0.000000,25:23:0.000000,25:23:0.000000,25:23:0.000000,25:24:0.000000,25:24:0.000000,25:25:1.000000,25:25:0.000000,25:25:1.000000,25:25:1.000000,25:25:1.000000,25:25:1.000000,25:25:1.000000,25:26:0.985459,25:26:0.985459,25:26:0.985459,25:26:0.985459,25:26:0.985459,25:26:0.985459,25:26:0.985459,25:26:0.985459,25:27:0.971129,25:27:0.971129,25:28:0.957007,25:29:0.943091,25:29:0.943091,25:29:0.943091,25:30:0.929377,25:31:0.915863,25:32:0.902545,25:33:0.889420,25:34:0.876487,25:35:0.863742,25:36:0.851182,25:39:0.814587,25:40:0.802742,25:41:0.791069,25:43:0.768229,25:44:0.757058,25:45:0.746050,25:46:0.735201,25:54:0.653903,25:59:0.607722,25:61:0.590176,25:62:0.581594,25:63:0.573137,25:67:0.540520,25:69:0.524915,25:70:0.517282,25:74:0.487844,
25:1:0.000000,25:2:0.000000,25:4:0.000000,25:9:0.000000,25:15:0.000000,25:16:0.000000,25:18:0.000000,25:22:0.000000,25:22:0.000000,25:22:0.000000,25:22:0.000000,25:22:0.000000,25:22:0.000000,25:22:0.000000,25:22:0.000000,25:22:0.000000,25:22:0.000000,25:22:0.000000,25:23:0.000000,25:23:0.000000,25:23:0.000000,25:23:0.000000,25:23:0.000000,25:23:0.000000,25:23:0.000000,25:23:0.000000,25:23:0.000000,25:23:0.000000,25:23:0.000000,25:23:0.000000,25:23:0.000000,25:24:0.000000,25:24:0.000000,25:25:1.000000,25:25:1.000000,25:25:0.000000,25:25:1.000000,25:25:1.000000,25:25:1.000000,25:25:1.000000,25:26:0.985459,25:26:0.985459,25:26:0.985459,25:26:0.985459,25:26:0.985459,25:26:0.985459,25:26:0.985459,25:26:0.985459,25:27:0.971129,25:27:0.971129,25:28:0.957007,25:29:0.943091,25:29:0.943091,25:29:0.943091,25:30:0.929377,25:31:0.915863,25:32:0.902545,25:33:0.889420,25:34:0.876487,25:35:0.863742,25:36:0.851182,25:39:0.814587,25:40:0.802742,25:41:0.791069,25:43:0.768229,25:44:0.757058,25:45:0.746050,25:46:0.735201,25:54:0.653903,25:59:0.607722,25:61:0.590176,25:62:0.581594,25:63:0.573137,25:67:0.540520,25:69:0.524915,25:70:0.517282,25:74:0.487844,
25:1:0.000000,25:2:0.000000,25:4:0.000000,25:9:0.000000,25:15:0.000000,25:16:0.000000,25:18:0.000000,25:22:0.000000,25:22:0.000000,25:22:0.000000,25:22:0.000000,25:22:0.000000,25:22:0.000000,25:22:0.000000,25:22:0.000000,25:22:0.000000,25:22:0.000000,25:22:0.000000,25:23:0.000000,25:23:0.000000,25:23:0.000000,25:23:0.000000,25:23:0.000000,25:23:0.000000,25:23:0.000000,25:23:0.000000,25:23:0.000000,25:23:0.000000,25:23:0.000000,25:23:0.000000,25:23:0.000000,25:24:0.000000,25:24:0.000000,25:25:1.000000,25:25:1.000000,25:25:1.000000,25:25:0.000000,25:25:1.000000,25:25:1.000000,25:25:1.000000,25:26:0.985459,25:26:0.985459,25:26:0.985459,25:26:0.985459,25:26:0.985459,25:26:0.985459,25:26:0.985459,25:26:0.985459,25:27:0.971129,25:27:0.971129,25:28:0.957007,25:29:0.943091,25:29:0.943091,25:29:0.943091,25:30:0.929377,25:31:0.915863,25:32:0.902545,25:33:0.889420,25:34:0.876487,25:35:0.863742,25:36:0.851182,25:39:0.814587,25:40:0.802742,25:41:0.791069,25:43:0.768229,25:44:0.757058,25:45:0.746050,25:46:0.735201,25:54:0.653903,25:59:0.607722,25:61:0.590176,25:62:0.581594,25:63:0.573137,25:67:0.540520,25:69:0.524915,25:70:0.517282,25:74:0.487844,
25:1:0.000000,25:2:0.000000,25:4:0.000000,25:9:0.000000,25:15:0.000000,25:16:0.000000,25:18:0.000000,25:22:0.000000,25:22:0.000000,25:22:0.000000,25:22:0.000000,25:22:0.000000,25:22:0.000000,25:22:0.000000,25:22:0.000000,25:22:0.000000,25:22:0.000000,25:22:0.000000,25:23:0.000000,25:23:0.000000,25:23:0.000000,25:23:0.000000,25:23:0.000000,25:23:0.000000,25:23:0.000000,25:23:0.000000,25:23:0.000000,25:23:0.000000,25:23:0.000000,25:23:0.000000,25:23:0.000000,25:24:0.000000,25:24:0.000000,25:25:1.000000,25:25:1.000000,25:25:1.000000,25:25:1.000000,25:25:0.000000,25:25:1.000000,25:25:1.000000,25:26:0.985459,25:26:0.985459,25:26:0.985459,25:26:0.985459,25:26:0.985459,25:26:0.985459,25:26:0.985459,25:26:0.985459,25:27:0.971129,25:27:0.971129,25:28:0.957007,25:29:0.943091,25:29:0.943091,25:29:0.943091,25:30:0.929377,25:31:0.915863,25:32:0.902545,25:33:0.889420,25:34:0.876487,25:35:0.863742,25:36:0.851182,25:39:0.814587,25:40:0.802742,25:41:0.791069,25:43:0.768229,25:44:0.757058,25:45:0.746050,25:46:0.735201,25:54:0.653903,25:59:0.607722,25:61:0.590176,25:62:0.581594,25:63:0.573137,25:67:0.540520,25:69:0.524915,25:70:0.517282,25:74:0.487844,
25:1:0.000000,25:2:0.000000,25:4:0.000000,25:9:0.000000,25:15:0.000000,25:16:0.000000,25:18:0.000000,25:22:0.000000,25:22:0.000000,25:22:0.000000,25:22:0.000000,25:22:0.000000,25:22:0.000000,25:22:0.000000,25:22:0.000000,25:22:0.000000,25:22:0.000000,25:22:0.000000,25:23:0.000000,25:23:0.000000,25:23:0.000000,25:23:0.000000,25:23:0.000000,25:23:0.000000,25:23:0.000000,25:23:0.000000,25:23:0.000000,25:23:0.000000,25:23:0.000000,25:23:0.000000,25:23:0.000000,25:24:0.000000,25:24:0.000000,25:25:1.000000,25:25:1.000000,25:25:1.000000,25:25:1.000000,25:25:1.000000,25:25:0.000000,25:25:1.000000,25:26:0.985459,25:26:0.985459,25:26:0.985459,25:26:0.985459,25:26:0.985459,25:26:0.985459,25:26:0.985459,25:26:0.985459,25:27:0.971129,25:27:0.971129,25:28:0.957007,25:29:0.943091,25:29:0.943091,25:29:0.943091,25:30:0.929377,25:31:0.915863,25:32:0.902545,25:33:0.889420,25:34:0.876487,25:35:0.863742,25:36:0.851182,25:39:0.814587,25:40:0.802742,25:41:0.791069,25:43:0.768229,25:44:0.757058,25:45:0.746050,25:46:0.735201,25:54:0.653903,25:59:0.607722,25:61:0.590176,25:62:0.581594,25:63:0.573137,25:67:0.540520,25:69:0.524915,25:70:0.517282,25:74:0.487844,
25:1:0.000000,25:2:0.000000,25:4:0.000000,25:9:0.000000,25:15:0.000000,25:16:0.000000,25:18:0.000000,25:22:0.000000,25:22:0.000000,25:22:0.000000,25:22:0.000000,25:22:0.000000,25:22:0.000000,25:22:0.000000,25:22:0.000000,25:22:0.000000,25:22:0.000000,25:22:0.000000,25:23:0.000000,25:23:0.000000,25:23:0.000000,25:23:0.000000,25:23:0.000000,25:23:0.000000,25:23:0.000000,25:23:0.000000,25:23:0.000000,25:23:0.000000,25:23:0.000000,25:23:0.000000,25:23:0.000000,25:24:0.000000,25:24:0.000000,25:25:1.000000,25:25:1.000000,25:25:1.000000,25:25:1.000000,25:25:1.000000,25:25:1.000000,25:25:0.000000,25:26:0.985459,25:26:0.985459,25:26:0.985459,25:26:0.985459,25:26:0.985459,25:26:0.985459,25:26:0.985459,25:26:0.985459,25:27:0.971129,25:27:0.971129,25:28:0.957007,25:29:0.943091,25:29:0.943091,25:29:0.943091,25:30:0.929377,25:31:0.915863,25:32:0.902545,25:33:0.889420,25:34:0.876487,25:35:0.863742,25:36:0.851182,25:39:0.814587,25:40:0.802742,25:41:0.791069,25:43:0.768229,25:44:0.757058,25:45:0.746050,25:46:0.735201,25:54:0.653903,25:59:0.607722,25:61:0.590176,25:62:0.581594,25:63:0.573137,25:67:0.540520,25:69:0.524915,25:70:0.517282,25:74:0.487844,
26:1:0.000000,26:2:0.000000,26:4:0.000000,26:9:0.000000,26:15:0.000000,26:16:0.000000,26:18:0.000000,26:22:0.000000,26:22:0.000000,26:22:0.000000,26:22:0.000000,26:22:0.000000,26:22:0.000000,26:22:0.000000,26:22:0.000000,26:22:0.000000,26:22:0.000000,26:22:0.000000,26:23:0.000000,26:23:0.000000,26:23:0.000000,26:23:0.000000,26:23:0.000000,26:23:0.000000,26:23:0.000000,26:23:0.000000,26:23:0.000000,26:23:0.000000,26:23:0.000000,26:23:0.000000,26:23:0.000000,26:24:0.000000,26:24:0.000000,26:25:0.000000,26:25:0.000000,26:25:0.000000,26:25:0.000000,26:25:0.000000,26:25:0.000000,26:25:0.000000,26:26:0.000000,26:26:1.000000,26:26:1.000000,26:26:1.000000,26:26:1.000000,26:26:1.000000,26:26:1.000000,26:26:1.000000,26:27:0.985459,26:27:0.985459,26:28:0.971129,26:29:0.957007,26:29:0.957007,26:29:0.957007,26:30:0.943091,26:31:0.929377,26:32:0.915863,26:33:0.902545,26:34:0.889420,26:35:0.876487,26:36:0.863742,26:39:0.826607,26:40:0.814587,26:41:0.802742,26:43:0.779565,26:44:0.768229,26:45:0.757058,26:46:0.746050,26:54:0.663552,26:59:0.616690,26:61:0.598885,26:62:0.590176,26:63:0.581594,26:67:0.548496,26:69:0.532660,26:70:0.524915,26:74:0.495042,
26:1:0.000000,26:2:0.000000,26:4:0.000000,26:9:0.000000,26:15:0.000000,26:16:0.000000,26:18:0.000000,26:22:0.000000,26:22:0.000000,26:22:0.000000,26:22:0.000000,26:22:0.000000,26:22:0.000000,26:22:0.000000,26:22:0.000000,26:22:0.000000,26:22:0.000000,26:22:0.000000,26:23:0.000000,26:23:0.000000,26:23:0.000000,26:23:0.000000,26:23:0.000000,26:23:0.000000,26:23:0.000000,26:23:0.000000,26:23:0.000000,26:23:0.000000,26:23:0.000000,26:23:0.000000,26:23:0.000000,26:24:0.000000,26:24:0.000000,26:25:0.000000,26:25:0.000000,26:25:0.000000,26:25:0.000000,26:25:0.000000,26:25:0.000000,26:25:0.000000,26:26:1.000000,26:26:0.000000,26:26:1.000000,26:26:1.000000,26:26:1.000000,26:26:1.000000,26:26:1.000000,26:26:1.000000,26:27:0.985459,26:27:0.985459,26:28:0.971129,26:29:0.957007,26:29:0.957007,26:29:0.957007,26:30:0.943091,26:31:0.929377,26:32:0.915863,26:33:0.902545,26:34:0.889420,26:35:0.876487,26:36:0.863742,26:39:0.826607,26:40:0.814587,26:41:0.802742,26:43:0.779565,26:44:0.768229,26:45:0.757058,26:46:0.746050,26:54:0.663552,26:59:0.616690,26:61:0.598885,26:62:0.590176,26:63:0.581594,26:67:0.548496,26:69:0.532660,26:70:0.524915,26:74:0.495042,
26:1:0.000000,26:2:0.000000,26:4:0.000000,26:9:0.000000,26:15:0.000000,26:16:0.000000,26:18:0.000000,26:22:0.000000,26:22:0.000000,26:22:0.000000,26:22:0.000000,26:22:0.000000,26:22:0.000000,26:22:0.000000,26:22:0.000000,26:22:0.000000,26:22:0.000000,26:22:0.000000,26:23:0.000000,26:23:0.000000,26:23:0.000000,26:23:0.000000,26:23:0.000000,26:23:0.000000,26:23:0.000000,26:23:0.000000,26:23:0.000000,26:23:0.000000,26:23:0.000000,26:23:0.000000,26:23:0.000000,26:24:0.000000,26:24:0.000000,26:25:0.000000,26:25:0.000000,26:25:0.000000,26:25:0.000000,26:25:0.000000,26:25:0.000000,26:25:0.000000,26:26:1.000000,26:26:1.000000,26:26:0.000000,26:26:1.000000,26:26:1.000000,26:26:1.000000,26:26:1.000000,26:26:1.000000,26:27:0.985459,26:27:0.985459,26:28:0.971129,26:29:0.957007,26:29:0.957007,26:29:0.957007,26:30:0.943091,26:31:0.929377,26:32:0.915863,26:33:0.902545,26:34:0.889420,26:35:0.876487,26:36:0.863742,26:39:0.826607,26:40:0.814587,26:41:0.802742,26:43:0.779565,26:44:0.768229,26:45:0.757058,26:46:0.746050,26:54:0.663552,26:59:0.616690,26:61:0.598885,26:62:0.590176,26:63:0.581594,26:67:0.548496,26:69:0.532660,26:70:0.524915,26:74:0.495042,
26:1:0.000000,26:2:0.000000,26:4:0.000000,26:9:0.000000,26:15:0.000000,26:16:0.000000,26:18:0.000000,26:22:0.000000,26:22:0.000000,26:22:0.000000,26:22:0.000000,26:22:0.000000,26:22:0.000000,26:22:0.000000,26:22:0.000000,26:22:0.000000,26:22:0.000000,26:22:0.000000,26:23:0.000000,26:23:0.000000,26:23:0.000000,26:23:0.000000,26:23:0.000000,26:23:0.000000,26:23:0.000000,26:23:0.000000,26:23:0.000000,26:23:0.000000,26:23:0.000000,26:23:0.000000,26:23:0.000000,26:24:0.000000,26:24:0.000000,26:25:0.000000,26:25:0.000000,26:25:0.000000,26:25:0.000000,26:25:0.000000,26:25:0.000000,26:25:0.000000,26:26:1.000000,26:26:1.000000,26:26:1.000000,26:26:0.000000,26:26:1.000000,26:26:1.000000,26:26:1.000000,26:26:1.000000,26:27:0.985459,26:27:0.985459,26:28:0.971129,26:29:0.957007,26:29:0.957007,26:29:0.957007,26:30:0.943091,26:31:0.929377,26:32:0.915863,26:33:0.902545,26:34:0.889420,26:35:0.876487,26:36:0.863742,26:39:0.826607,26:40:0.814587,26:41:0.802742,26:43:0.779565,26:44:0.768229,26:45:0.757058,26:46:0.746050,26:54:0.663552,26:59:0.616690,26:61:0.598885,26:62:0.590176,26:63:0.581594,26:67:0.548496,26:69:0.532660,26:70:0.524915,26:74:0.495042,
26:1:0.000000,26:2:0.000000,26:4:0.000000,26:9:0.000000,26:15:0.000000,26:16:0.000000,26:18:0.000000,26:22:0.000000,26:22:0.000000,26:22:0.000000,26:22:0.000000,26:22:0.000000,26:22:0.000000,26:22:0.000000,26:22:0.000000,26:22:0.000000,26:22:0.000000,26:22:0.000000,26:23:0.000000,26:23:0.000000,26:23:0.000000,26:23:0.000000,26:23:0.000000,26:23:0.000000,26:23:0.000000,26:23:0.000000,26:23:0.000000,26:23:0.000000,26:23:0.000000,26:23:0.000000,26:23:0.000000,26:24:0.000000,26:24:0.000000,26:25:0.000000,26:25:0.000000,26:25:0.000000,26:25:0.000000,26:25:0.000000,26:25:0.000000,26:25:0.000000,26:26:1.000000,26:26:1.000000,26:26:1.000000,26:26:1.000000,26:26:0.000000,26:26:1.000000,26:26:1.000000,26:26:1.000000,26:27:0.985459,26:27:0.985459,26:28:0.971129,26:29:0.957007,26:29:0.957007,26:29:0.957007,26:30:0.943091,26:31:0.929377,26:32:0.915863,26:33:0.902545,26:34:0.889420,26:35:0.876487,26:36:0.863742,26:39:0.826607,26:40:0.814587,26:41:0.802742,26:43:0.779565,26:44:0.768229,26:45:0.757058,26:46:0.746050,26:54:0.663552,26:59:0.616690,26:61:0.598885,26:62:0.590176,26:63:0.581594,26:67:0.548496,26:69:0.532660,26:70:0.524915,26:74:0.495042,
26:1:0.000000,26:2:0.000000,26:4:0.000000,26:9:0.000000,26:15:0.000000,26:16:0.000000,26:18:0.000000,26:22:0.000000,26:22:0.000000,26:22:0.000000,26:22:0.000000,26:22:0.000000,26:22:0.000000,26:22:0.000000,26:22:0.000000,26:22:0.000000,26:22:0.000000,26:22:0.000000,26:23:0.000000,26:23:0.000000,26:23:0.000000,26:23:0.000000,26:23:0.000000,26:23:0.000000,26:23:0.000000,26:23:0.000000,26:23:0.000000,26:23:0.000000,26:23:0.000000,26:23:0.000000,26:23:0.000000,26:24:0.000000,26:24:0.000000,26:25:0.000000,26:25:0.000000,26:25:0.000000,26:25:0.000000,26:25:0.000000,26:25:0.000000,26:25:0.000000,26:26:1.000000,26:26:1.000000,26:26:1.000000,26:26:1.000000,26:26:1.000000,26:26:0.000000,26:26:1.000000,26:26:1.000000,26:27:0.985459,26:27:0.985459,26:28:0.971129,26:29:0.957007,26:29:0.957007,26:29:0.957007,26:30:0.943091,26:31:0.929377,26:32:0.915863,26:33:0.902545,26:34:0.889420,26:35:0.876487,26:36:0.863742,26:39:0.826607,26:40:0.814587,26:41:0.802742,26:43:0.779565,26:44:0.768229,26:45:0.757058,26:46:0.746050,26:54:0.663552,26:59:0.616690,26:61:0.598885,26:62:0.590176,26:63:0.581594,26:67:0.548496,26:69:0.532660,26:70:0.524915,26:74:0.495042,
26:1:0.000000,26:2:0.000000,26:4:0.000000,26:9:0.000000,26:15:0.000000,26:16:0.000000,26:18:0.000000,26:22:0.000000,26:22:0.000000,26:22:0.000000,26:22:0.000000,26:22:0.000000,26:22:0.000000,26:22:0.000000,26:22:0.000000,26:22:0.000000,26:22:0.000000,26:22:0.000000,26:23:0.000000,26:23:0.000000,26:23:0.000000,26:23:0.000000,26:23:0.000000,26:23:0.000000,26:23:0.000000,26:23:0.000000,26:23:0.000000,26:23:0.000000,26:23:0.000000,26:23:0.000000,26:23:0.000000,26:24:0.000000,26:24:0.000000,26:25:0.000000,26:25:0.000000,26:25:0.000000,26:25:0.000000,26:25:0.000000,26:25:0.000000,26:25:0.000000,26:26:1.000000,26:26:1.000000,26:26:1.000000,26:26:1.000000,26:26:1.000000,26:26:1.000000,26:26:0.000000,26:26:1.000000,26:27:0.985459,26:27:0.985459,26:28:0.971129,26:29:0.957007,26:29:0.957007,26:29:0.957007,26:30:0.943091,26:31:0.929377,26:32:0.915863,26:33:0.902545,26:34:0.889420,26:35:0.876487,26:36:0.863742,26:39:0.826607,26:40:0.814587,26:41:0.802742,26:43:0.779565,26:44:0.768229,26:45:0.757058,26:46:0.746050,26:54:0.663552,26:59:0.616690,26:61:0.598885,26:62:0.590176,26:63:0.581594,26:67:0.548496,26:69:0.532660,26:70:0.524915,26:74:0.495042,
26:1:0.000000,26:2:0.000000,26:4:0.000000,26:9:0.000000,26:15:0.000000,26:16:0.000000,26:18:0.000000,26:22:0.000000,26:22:0.000000,26:22:0.000000,26:22:0.000000,26:22:0.000000,26:22:0.000000,26:22:0.000000,26:22:0.000000,26:22:0.000000,26:22:0.000000,26:22:0.000000,26:23:0.000000,26:23:0.000000,26:23:0.000000,26:23:0.000000,26:23:0.000000,26:23:0.000000,26:23:0.000000,26:23:0.000000,26:23:0.000000,26:23:0.000000,26:23:0.000000,26:23:0.000000,26:23:0.000000,26:24:0.000000,26:24:0.000000,26:25:0.000000,26:25:0.000000,26:25:0.000000,26:25:0.000000,26:25:0.000000,26:25:0.000000,26:25:0.000000,26:26:1.000000,26:26:1.000000,26:26:1.000000,26:26:1.000000,26:26:1.000000,26:26:1.000000,26:26:1.000000,26:26:0.000000,26:27:0.985459,26:27:0.985459,26:28:0.971129,26:29:0.957007,26:29:0.957007,26:29:0.957007,26:30:0.943091,26:31:0.929377,26:32:0.915863,26:33:0.902545,26:34:0.889420,26:35:0.876487,26:36:0.863742,26:39:0.826607,26:40:0.814587,26:41:0.802742,26:43:0.779565,26:44:0.768229,26:45:0.757058,26:46:0.746050,26:54:0.663552,26:59:0.616690,26:61:0.598885,26:62:0.590176,26:63:0.581594,26:67:0.548496,26:69:0.532660,26:70:0.524915,26:74:0.495042,
27:1:0.000000,27:2:0.000000,27:4:0.000000,27:9:0.000000,27:15:0.000000,27:16:0.000000,27:18:0.000000,27:22:0.000000,27:22:0.000000,27:22:0.000000,27:22:0.000000,27:22:0.000000,27:22:0.000000,27:22:0.000000,27:22:0.000000,27:22:0.000000,27:22:0.000000,27:22:0.000000,27:23:0.000000,27:23:0.000000,27:23:0.000000,27:23:0.000000,27:23:0.000000,27:23:0.000000,27:23:0.000000,27:23:0.000000,27:23:0.000000,27:23:0.000000,27:23:0.000000,27:23:0.000000,27:23:0.000000,27:24:0.000000,27:24:0.000000,27:25:0.000000,27:25:0.000000,27:25:0.000000,27:25:0.000000,27:25:0.000000,27:25:0.000000,27:25:0.000000,27:26:0.000000,27:26:0.000000,27:26:0.000000,27:26:0.000000,27:26:0.000000,27:26:0.000000,27:26:0.000000,27:26:0.000000,27:27:0.000000,27:27:1.000000,27:28:0.985459,27:29:0.971129,27:29:0.971129,27:29:0.971129,27:30:0.957007,27:31:0.943091,27:32:0.929377,27:33:0.915863,27:34:0.902545,27:35:0.889420,27:36:0.876487,27:39:0.838804,27:40:0.826607,27:41:0.814587,27:43:0.791069,27:44:0.779565,27:45:0.768229,27:46:0.757058,27:54:0.673343,27:59:0.625789,27:61:0.607722,27:62:0.598885,27:63:0.590176,27:67:0.556590,27:69:0.540520,27:70:0.532660,27:74:0.502347,
27:1:0.000000,27:2:0.000000,27:4:0.000000,27:9:0.000000,27:15:0.000000,27:16:0.000000,27:18:0.000000,27:22:0.000000,27:22:0.000000,27:22:0.000000,27:22:0.000000,27:22:0.000000,27:22:0.000000,27:22:0.000000,27:22:0.000000,27:22:0.000000,27:22:0.000000,27:22:0.000000,27:23:0.000000,27:23:0.000000,27:23:0.000000,27:23:0.000000,27:23:0.000000,27:23:0.000000,27:23:0.000000,27:23:0.000000,27:23:0.000000,27:23:0.000000,27:23:0.000000,27:23:0.000000,27:23:0.000000,27:24:0.000000,27:24:0.000000,27:25:0.000000,27:25:0.000000,27:25:0.000000,27:25:0.000000,27:25:0.000000,27:25:0.000000,27:25:0.000000,27:26:0.000000,27:26:0.000000,27:26:0.000000,27:26:0.000000,27:26:0.000000,27:26:0.000000,27:26:0.000000,27:26:0.000000,27:27:1.000000,27:27:0.000000,27:28:0.985459,27:29:0.971129,27:29:0.971129,27:29:0.971129,27:30:0.957007,27:31:0.943091,27:32:0.929377,27:33:0.915863,27:34:0.902545,27:35:0.889420,27:36:0.876487,27:39:0.838804,27:40:0.826607,27:41:0.814587,27:43:0.791069,27:44:0.779565,27:45:0.768229,27:46:0.757058,27:54:0.673343,27:59:0.625789,27:61:0.607722,27:62:0.598885,27:63:0.590176,27:67:0.556590,27:69:0.540520,27:70:0.532660,27:74:0.502347,
28:1:0.000000,28:2:0.000000,28:4:0.000000,28:9:0.000000,28:15:0.000000,28:16:0.000000,28:18:0.000000,28:22:0.000000,28:22:0.000000,28:22:0.000000,28:22:0.000000,28:22:0.000000,28:22:0.000000,28:22:0.000000,28:22:0.000000,28:22:0.000000,28:22:0.000000,28:22:0.000000,28:23:0.000000,28:23:0.000000,28:23:0.000000,28:23:0.000000,28:23:0.000000,28:23:0.000000,28:23:0.000000,28:23:0.000000,28:23:0.000000,28:23:0.000000,28:23:0.000000,28:23:0.000000,28:23:0.000000,28:24:0.000000,28:24:0.000000,28:25:0.000000,28:25:0.000000,28:25:0.000000,28:25:0.000000,28:25:0.000000,28:25:0.000000,28:25:0.000000,28:26:0.000000,28:26:0.000000,28:26:0.000000,28:26:0.000000,28:26:0.000000,28:26:0.000000,28:26:0.000000,28:26:0.000000,28:27:0.000000,28:27:0.000000,28:28:0.000000,28:29:0.985459,28:29:0.985459,28:29:0.985459,28:30:0.971129,28:31:0.957007,28:32:0.943091,28:33:0.929377,28:34:0.915863,28:35:0.902545,28:36:0.889420,28:39:0.851182,28:40:0.838804,28:41:0.826607,28:43:0.802742,28:44:0.791069,28:45:0.779565,28:46:0.768229,28:54:0.683279,28:59:0.635024,28:61:0.616690,28:62:0.607722,28:63:0.598885,28:67:0.564803,28:69:0.548496,28:70:0.540520,28:74:0.509760,
29:1:0.000000,29:2:0.000000,29:4:0.000000,29:9:0.000000,29:15:0.000000,29:16:0.000000,29:18:0.000000,29:22:0.000000,29:22:0.000000,29:22:0.000000,29:22:0.000000,29:22:0.000000,29:22:0.000000,29:22:0.000000,29:22:0.000000,29:22:0.000000,29:22:0.000000,29:22:0.000000,29:23:0.000000,29:23:0.000000,29:23:0.000000,29:23:0.000000,29:23:0.000000,29:23:0.000000,29:23:0.000000,29:23:0.000000,29:23:0.000000,29:23:0.000000,29:23:0.000000,29:23:0.000000,29:23:0.000000,29:24:0.000000,29:24:0.000000,29:25:0.000000,29:25:0.000000,29:25:0.000000,29:25:0.000000,29:25:0.000000,29:25:0.000000,29:25:0.000000,29:26:0.000000,29:26:0.000000,29:26:0.000000,29:26:0.000000,29:26:0.000000,29:26:0.000000,29:26:0.000000,29:26:0.000000,29:27:0.000000,29:27:0.000000,29:28:0.000000,29:29:0.000000,29:29:1.000000,29:29:1.000000,29:30:0.985459,29:31:0.971129,29:32:0.957007,29:33:0.943091,29:34:0.929377,29:35:0.915863,29:36:0.902545,29:39:0.863742,29:40:0.851182,29:41:0.838804,29:43:0.814587,29:44:0.802742,29:45:0.791069,29:46:0.779565,29:54:0.693361,29:59:0.644394,29:61:0.625789,29:62:0.616690,29:63:0.607722,29:67:0.573137,29:69:0.556590,29:70:0.548496,29:74:0.517282,
29:1:0.000000,29:2:0.000000,29:4:0.000000,29:9:0.000000,29:15:0.000000,29:16:0.000000,29:18:0.000000,29:22:0.000000,29:22:0.000000,29:22:0.000000,29:22:0.000000,29:22:0.000000,29:22:0.000000,29:22:0.000000,29:22:0.000000,29:22:0.000000,29:22:0.000000,29:22:0.000000,29:23:0.000000,29:23:0.000000,29:23:0.000000,29:23:0.000000,29:23:0.000000,29:23:0.000000,29:23:0.000000,29:23:0.000000,29:23:0.000000,29:23:0.000000,29:23:0.000000,29:23:0.000000,29:23:0.000000,29:24:0.000000,29:24:0.000000,29:25:0.000000,29:25:0.000000,29:25:0.000000,29:25:0.000000,29:25:0.000000,29:25:0.000000,29:25:0.000000,29:26:0.000000,29:26:0.000000,29:26:0.000000,29:26:0.000000,29:26:0.000000,29:26:0.000000,29:26:0.000000,29:26:0.000000,29:27:0.000000,29:27:0.000000,29:28:0.000000,29:29:1.000000,29:29:0.000000,29:29:1.000000,29:30:0.985459,29:31:0.971129,29:32:0.957007,29:33:0.943091,29:34:0.929377,29:35:0.915863,29:36:0.902545,29:39:0.863742,29:40:0.851182,29:41:0.838804,29:43:0.814587,29:44:0.802742,29:45:0.791069,29:46:0.779565,29:54:0.693361,29:59:0.644394,29:61:0.625789,29:62:0.616690,29:63:0.607722,29:67:0.573137,29:69:0.556590,29:70:0.548496,29:74:0.517282,
29:1:0.000000,29:2:0.000000,29:4:0.000000,29:9:0.000000,29:15:0.000000,29:16:0.000000,29:18:0.000000,29:22:0.000000,29:22:0.000000,29:22:0.000000,29:22:0.000000,29:22:0.000000,29:22:0.000000,29:22:0.000000,29:22:0.000000,29:22:0.000000,29:22:0.000000,29:22:0.000000,29:23:0.000000,29:23:0.000000,29:23:0.000000,29:23:0.000000,29:23:0.000000,29:23:0.000000,29:23:0.000000,29:23:0.000000,29:23:0.000000,29:23:0.000000,29:23:0.000000,29:23:0.000000,29:23:0.000000,29:24:0.000000,29:24:0.000000,29:25:0.000000,29:25:0.000000,29:25:0.000000,29:25:0.000000,29:25:0.000000,29:25:0.000000,29:25:0.000000,29:26:0.000000,29:26:0.000000,29:26:0.000000,29:26:0.000000,29:26:0.000000,29:26:0.000000,29:26:0.000000,29:26:0.000000,29:27:0.000000,29:27:0.000000,29:28:0.000000,29:29:1.000000,29:29:1.000000,29:29:0.000000,29:30:0.985459,29:31:0.971129,29:32:0.957007,29:33:0.943091,29:34:0.929377,29:35:0.915863,29:36:0.902545,29:39:0.863742,29:40:0.851182,29:41:0.838804,29:43:0.814587,29:44:0.802742,29:45:0.791069,29:46:0.779565,29:54:0.693361,29:59:0.644394,29:61:0.625789,29:62:0.616690,29:63:0.607722,29:67:0.573137,29:69:0.556590,29:70:0.548496,29:74:0.517282,
30:1:0.000000,30:2:0.000000,30:4:0.000000,30:9:0.000000,30:15:0.000000,30:16:0.000000,30:18:0.000000,30:22:0.000000,30:22:0.000000,30:22:0.000000,30:22:0.000000,30:22:0.000000,30:22:0.000000,30:22:0.000000,30:22:0.000000,30:22:0.000000,30:22:0.000000,30:22:0.000000,30:23:0.000000,30:23:0.000000,30:23:0.000000,30:23:0.000000,30:23:0.000000,30:23:0.000000,30:23:0.000000,30:23:0.000000,30:23:0.000000,30:23:0.000000,30:23:0.000000,30:23:0.000000,30:23:0.000000,30:24:0.000000,30:24:0.000000,30:25:0.000000,30:25:0.000000,30:25:0.000000,30:25:0.000000,30:25:0.000000,30:25:0.000000,30:25:0.000000,30:26:0.000000,30:26:0.000000,30:26:0.000000,30:26:0.000000,30:26:0.000000,30:26:0.000000,30:26:0.000000,30:26:0.000000,30:27:0.000000,30:27:0.000000,30:28:0.000000,30:29:0.000000,30:29:0.000000,30:29:0.000000,30:30:0.000000,30:31:0.985459,30:32:0.971129,30:33:0.957007,30:34:0.943091,30:35:0.929377,30:36:0.915863,30:39:0.876487,30:40:0.863742,30:41:0.851182,30:43:0.826607,30:44:0.814587,30:45:0.802742,30:46:0.791069,30:54:0.703592,30:59:0.653903,30:61:0.635024,30:62:0.625789,30:63:0.616690,30:67:0.581594,30:69:0.564803,30:70:0.556590,30:74:0.524915,
31:1:0.000000,31:2:0.000000,31:4:0.000000,31:9:0.000000,31:15:0.000000,31:16:0.000000,31:18:0.000000,31:22:0.000000,31:22:0.000000,31:22:0.000000,31:22:0.000000,31:22:0.000000,31:22:0.000000,31:22:0.000000,31:22:0.000000,31:22:0.000000,31:22:0.000000,31:22:0.000000,31:23:0.000000,31:23:0.000000,31:23:0.000000,31:23:0.000000,31:23:0.000000,31:23:0.000000,31:23:0.000000,31:23:0.000000,31:23:0.000000,31:23:0.000000,31:23:0.000000,31:23:0.000000,31:23:0.000000,31:24:0.000000,31:24:0.000000,31:25:0.000000,31:25:0.000000,31:25:0.000000,31:25:0.000000,31:25:0.000000,31:25:0.000000,31:25:0.000000,31:26:0.000000,31:26:0.000000,31:26:0.000000,31:26:0.000000,31:26:0.000000,31:26:0.000000,31:26:0.000000,31:26:0.000000,31:27:0.000000,31:27:0.000000,31:28:0.000000,31:29:0.000000,31:29:0.000000,31:29:0.000000,31:30:0.000000,31:31:0.000000,31:32:0.985459,31:33:0.971129,31:34:0.957007,31:35:0.943091,31:36:0.929377,31:39:0.889420,31:40:0.876487,31:41:0.863742,31:43:0.838804,31:44:0.826607,31:45:0.814587,31:46:0.802742,31:54:0.713975,31:59:0.663552,31:61:0.644394,31:62:0.635024,31:63:0.625789,31:67:0.590176,31:69:0.573137,31:70:0.564803,31:74:0.532660,
32:1:0.000000,32:2:0.000000,32:4:0.000000,32:9:0.000000,32:15:0.000000,32:16:0.000000,32:18:0.000000,32:22:0.000000,32:22:0.000000,32:22:0.000000,32:22:0.000000,32:22:0.000000,32:22:0.000000,32:22:0.000000,32:22:0.000000,32:22:0.000000,32:22:0.000000,32:22:0.000000,32:23:0.000000,32:23:0.000000,32:23:0.000000,32:23:0.000000,32:23:0.000000,32:23:0.000000,32:23:0.000000,32:23:0.000000,32:23:0.000000,32:23:0.000000,32:23:0.000000,32:23:0.000000,32:23:0.000000,32:24:0.000000,32:24:0.000000,32:25:0.000000,32:25:0.000000,32:25:0.000000,32:25:0.000000,32:25:0.000000,32:25:0.000000,32:25:0.000000,32:26:0.000000,32:26:0.000000,32:26:0.000000,32:26:0.000000,32:26:0.000000,32:26:0.000000,32:26:0.000000,32:26:0.000000,32:27:0.000000,32:27:0.000000,32:28:0.000000,32:29:0.000000,32:29:0.000000,32:29:0.000000,32:30:0.000000,32:31:0.000000,32:32:0.000000,32:33:0.985459,32:34:0.971129,32:35:0.957007,32:36:0.943091,32:39:0.902545,32:40:0.889420,32:41:0.876487,32:43:0.851182,32:44:0.838804,32:45:0.826607,32:46:0.814587,32:54:0.724510,32:59:0.673343,32:61:0.653903,32:62:0.644394,32:63:0.635024,32:67:0.598885,32:69:0.581594,32:70:0.573137,32:74:0.540520,
33:1:0.000000,33:2:0.000000,33:4:0.000000,33:9:0.000000,33:15:0.000000,33:16:0.000000,33:18:0.000000,33:22:0.000000,33:22:0.000000,33:22:0.000000,33:22:0.000000,33:22:0.000000,33:22:0.000000,33:22:0.000000,33:22:0.000000,33:22:0.000000,33:22:0.000000,33:22:0.000000,33:23:0.000000,33:23:0.000000,33:23:0.000000,33:23:0.000000,33:23:0.000000,33:23:0.000000,33:23:0.000000,33:23:0.000000,33:23:0.000000,33:23:0.000000,33:23:0.000000,33:23:0.000000,33:23:0.000000,33:24:0.000000,33:24:0.000000,33:25:0.000000,33:25:0.000000,33:25:0.000000,33:25:0.000000,33:25:0.000000,33:25:0.000000,33:25:0.000000,33:26:0.000000,33:26:0.000000,33:26:0.000000,33:26:0.000000,33:26:0.000000,33:26:0.000000,33:26:0.000000,33:26:0.000000,33:27:0.000000,33:27:0.000000,33:28:0.000000,33:29:0.000000,33:29:0.000000,33:29:0.000000,33:30:0.000000,33:31:0.000000,33:32:0.000000,33:33:0.000000,33:34:0.985459,33:35:0.971129,33:36:0.957007,33:39:0.915863,33:40:0.902545,33:41:0.889420,33:43:0.863742,33:44:0.851182,33:45:0.838804,33:46:0.826607,33:54:0.735201,33:59:0.683279,33:61:0.663552,33:62:0.653903,33:63:0.644394,33:67:0.607722,33:69:0.590176,33:70:0.581594,33:74:0.548496,
34:1:0.000000,34:2:0.000000,34:4:0.000000,34:9:0.000000,34:15:0.000000,34:16:0.000000,34:18:0.000000,34:22:0.000000,34:22:0.000000,34:22:0.000000,34:22:0.000000,34:22:0.000000,34:22:0.000000,34:22:0.000000,34:22:0.000000,34:22:0.000000,34:22:0.000000,34:22:0.000000,34:23:0.000000,34:23:0.000000,34:23:0.000000,34:23:0.000000,34:23:0.000000,34:23:0.000000,34:23:0.000000,34:23:0.000000,34:23:0.000000,34:23:0.000000,34:23:0.000000,34:23:0.000000,34:23:0.000000,34:24:0.000000,34:24:0.000000,34:25:0.000000,34:25:0.000000,34:25:0.000000,34:25:0.000000,34:25:0.000000,34:25:0.000000,34:25:0.000000,34:26:0.000000,34:26:0.000000,34:26:0.000000,34:26:0.000000,34:26:0.000000,34:26:0.000000,34:26:0.000000,34:26:0.000000,34:27:0.000000,34:27:0.000000,34:28:0.000000,34:29:0.000000,34:29:0.000000,34:29:0.000000,34:30:0.000000,34:31:0.000000,34:32:0.000000,34:33:0.000000,34:34:0.000000,34:35:0.985459,34:36:0.971129,34:39:0.929377,34:40:0.915863,34:41:0.902545,34:43:0.876487,34:44:0.863742,34:45:0.851182,34:46:0.838804,34:54:0.746050,34:59:0.693361,34:61:0.673343,34:62:0.663552,34:63:0.653903,34:67:0.616690,34:69:0.598885,34:70:0.590176,34:74:0.556590,
35:1:0.000000,35:2:0.000000,35:4:0.000000,35:9:0.000000,35:15:0.000000,35:16:0.000000,35:18:0.000000,35:22:0.000000,35:22:0.000000,35:22:0.000000,35:22:0.000000,35:22:0.000000,35:22:0.000000,35:22:0.000000,35:22:0.000000,35:22:0.000000,35:22:0.000000,35:22:0.000000,35:23:0.000000,35:23:0.000000,35:23:0.000000,35:23:0.000000,35:23:0.000000,35:23:0.000000,35:23:0.000000,35:23:0.000000,35:23:0.000000,35:23:0.000000,35:23:0.000000,35:23:0.000000,35:23:0.000000,35:24:0.000000,35:24:0.000000,35:25:0.000000,35:25:0.000000,35:25:0.000000,35:25:0.000000,35:25:0.000000,35:25:0.000000,35:25:0.000000,35:26:0.000000,35:26:0.000000,35:26:0.000000,35:26:0.000000,35:26:0.000000,35:26:0.000000,35:26:0.000000,35:26:0.000000,35:27:0.000000,35:27:0.000000,35:28:0.000000,35:29:0.000000,35:29:0.000000,35:29:0.000000,35:30:0.000000,35:31:0.000000,35:32:0.000000,35:33:0.000000,35:34:0.000000,35:35:0.000000,35:36:0.985459,35:39:0.943091,35:40:0.929377,35:41:0.915863,35:43:0.889420,35:44:0.876487,35:45:0.863742,35:46:0.851182,35:54:0.757058,35:59:0.703592,35:61:0.683279,35:62:0.673343,35:63:0.663552,35:67:0.625789,35:69:0.607722,35:70:0.598885,35:74:0.564803,
36:1:0.000000,36:2:0.000000,36:4:0.000000,36:9:0.000000,36:15:0.000000,36:16:0.000000,36:18:0.000000,36:22:0.000000,36:22:0.000000,36:22:0.000000,36:22:0.000000,36:22:0.000000,36:22:0.000000,36:22:0.000000,36:22:0.000000,36:22:0.000000,36:22:0.000000,36:22:0.000000,36:23:0.000000,36:23:0.000000,36:23:0.000000,36:23:0.000000,36:23:0.000000,36:23:0.000000,36:23:0.000000,36:23:0.000000,36:23:0.000000,36:23:0.000000,36:23:0.000000,36:23:0.000000,36:23:0.000000,36:24:0.000000,36:24:0.000000,36:25:0.000000,36:25:0.000000,36:25:0.000000,36:25:0.000000,36:25:0.000000,36:25:0.000000,36:25:0.000000,36:26:0.000000,36:26:0.000000,36:26:0.000000,36:26:0.000000,36:26:0.000000,36:26:0.000000,36:26:0.000000,36:26:0.000000,36:27:0.000000,36:27:0.000000,36:28:0.000000,36:29:0.000000,36:29:0.000000,36:29:0.000000,36:30:0.000000,36:31:0.000000,36:32:0.000000,36:33:0.000000,36:34:0.000000,36:35:0.000000,36:36:0.000000,36:39:0.957007,36:40:0.943091,36:41:0.929377,36:43:0.902545,36:44:0.889420,36:45:0.876487,36:46:0.863742,36:54:0.768229,36:59:0.713975,36:61:0.693361,36:62:0.683279,36:63:0.673343,36:67:0.635024,36:69:0.616690,36:70:0.607722,36:74:0.573137,
39:1:0.000000,39:2:0.000000,39:4:0.000000,39:9:0.000000,39:15:0.000000,39:16:0.000000,39:18:0.000000,39:22:0.000000,39:22:0.000000,39:22:0.000000,39:22:0.000000,39:22:0.000000,39:22:0.000000,39:22:0.000000,39:22:0.000000,39:22:0.000000,39:22:0.000000,39:22:0.000000,39:23:0.000000,39:23:0.000000,39:23:0.000000,39:23:0.000000,39:23:0.000000,39:23:0.000000,39:23:0.000000,39:23:0.000000,39:23:0.000000,39:23:0.000000,39:23:0.000000,39:23:0.000000,39:23:0.000000,39:24:0.000000,39:24:0.000000,39:25:0.000000,39:25:0.000000,39:25:0.000000,39:25:0.000000,39:25:0.000000,39:25:0.000000,39:25:0.000000,39:26:0.000000,39:26:0.000000,39:26:0.000000,39:26:0.000000,39:26:0.000000,39:26:0.000000,39:26:0.000000,39:26:0.000000,39:27:0.000000,39:27:0.000000,39:28:0.000000,39:29:0.000000,39:29:0.000000,39:29:0.000000,39:30:0.000000,39:31:0.000000,39:32:0.000000,39:33:0.000000,39:34:0.000000,39:35:0.000000,39:36:0.000000,39:39:0.000000,39:40:0.985459,39:41:0.971129,39:43:0.943091,39:44:0.929377,39:45:0.915863,39:46:0.902545,39:54:0.802742,39:59:0.746050,39:61:0.724510,39:62:0.713975,39:63:0.703592,39:67:0.663552,39:69:0.644394,39:70:0.635024,39:74:0.598885,
40:1:0.000000,40:2:0.000000,40:4:0.000000,40:9:0.000000,40:15:0.000000,40:16:0.000000,40:18:0.000000,40:22:0.000000,40:22:0.000000,40:22:0.000000,40:22:0.000000,40:22:0.000000,40:22:0.000000,40:22:0.000000,40:22:0.000000,40:22:0.000000,40:22:0.000000,40:22:0.000000,40:23:0.000000,40:23:0.000000,40:23:0.000000,40:23:0.000000,40:23:0.000000,40:23:0.000000,40:23:0.000000,40:23:0.000000,40:23:0.000000,40:23:0.000000,40:23:0.000000,40:23:0.000000,40:23:0.000000,40:24:0.000000,40:24:0.000000,40:25:0.000000,40:25:0.000000,40:25:0.000000,40:25:0.000000,40:25:0.000000,40:25:0.000000,40:25:0.000000,40:26:0.000000,40:26:0.000000,40:26:0.000000,40:26:0.000000,40:26:0.000000,40:26:0.000000,40:26:0.000000,40:26:0.000000,40:27:0.000000,40:27:0.000000,40:28:0.000000,40:29:0.000000,40:29:0.000000,40:29:0.000000,40:30:0.000000,40:31:0.000000,40:32:0.000000,40:33:0.000000,40:34:0.000000,40:35:0.000000,40:36:0.000000,40:39:0.000000,40:40:0.000000,40:41:0.985459,40:43:0.957007,40:44:0.943091,40:45:0.929377,40:46:0.915863,40:54:0.814587,40:59:0.757058,40:61:0.735201,40:62:0.724510,40:63:0.713975,40:67:0.673343,40:69:0.653903,40:70:0.644394,40:74:0.607722,
41:1:0.000000,41:2:0.000000,41:4:0.000000,41:9:0.000000,41:15:0.000000,41:16:0.000000,41:18:0.000000,41:22:0.000000,41:22:0.000000,41:22:0.000000,41:22:0.000000,41:22:0.000000,41:22:0.000000,41:22:0.000000,41:22:0.000000,41:22:0.000000,41:22:0.000000,41:22:0.000000,41:23:0.000000,41:23:0.000000,41:23:0.000000,41:23:0.000000,41:23:0.000000,41:23:0.000000,41:23:0.000000,41:23:0.000000,41:23:0.000000,41:23:0.000000,41:23:0.000000,41:23:0.000000,41:23:0.000000,41:24:0.000000,41:24:0.000000,41:25:0.000000,41:25:0.000000,41:25:0.000000,41:25:0.000000,41:25:0.000000,41:25:0.000000,41:25:0.000000,41:26:0.000000,41:26:0.000000,41:26:0.000000,41:26:0.000000,41:26:0.000000,41:26:0.000000,41:26:0.000000,41:26:0.000000,41:27:0.000000,41:27:0.000000,41:28:0.000000,41:29:0.000000,41:29:0.000000,41:29:0.000000,41:30:0.000000,41:31:0.000000,41:32:0.000000,41:33:0.000000,41:34:0.000000,41:35:0.000000,41:36:0.000000,41:39:0.000000,41:40:0.000000,41:41:0.000000,41:43:0.971129,41:44:0.957007,41:45:0.943091,41:46:0.929377,41:54:0.826607,41:59:0.768229,41:61:0.746050,41:62:0.735201,41:63:0.724510,41:67:0.683279,41:69:0.663552,41:70:0.653903,41:74:0.616690,
43:1:0.000000,43:2:0.000000,43:4:0.000000,43:9:0.000000,43:15:0.000000,43:16:0.000000,43:18:0.000000,43:22:0.000000,43:22:0.000000,43:22:0.000000,43:22:0.000000,43:22:0.000000,43:22:0.000000,43:22:0.000000,43:22:0.000000,43:22:0.000000,43:22:0.000000,43:22:0.000000,43:23:0.000000,43:23:0.000000,43:23:0.000000,43:23:0.000000,43:23:0.000000,43:23:0.000000,43:23:0.000000,43:23:0.000000,43:23:0.000000,43:23:0.000000,43:23:0.000000,43:23:0.000000,43:23:0.000000,43:24:0.000000,43:24:0.000000,43:25:0.000000,43:25:0.000000,43:25:0.000000,43:25:0.000000,43:25:0.000000,43:25:0.000000,43:25:0.000000,43:26:0.000000,43:26:0.000000,43:26:0.000000,43:26:0.000000,43:26:0.000000,43:26:0.000000,43:26:0.000000,43:26:0.000000,43:27:0.000000,43:27:0.000000,43:28:0.000000,43:29:0.000000,43:29:0.000000,43:29:0.000000,43:30:0.000000,43:31:0.000000,43:32:0.000000,43:33:0.000000,43:34:0.000000,43:35:0.000000,43:36:0.000000,43:39:0.000000,43:40:0.000000,43:41:0.000000,43:43:0.000000,43:44:0.985459,43:45:0.971129,43:46:0.957007,43:54:0.851182,43:59:0.791069,43:61:0.768229,43:62:0.757058,43:63:0.746050,43:67:0.703592,43:69:0.683279,43:70:0.673343,43:74:0.635024,
44:1:0.000000,44:2:0.000000,44:4:0.000000,44:9:0.000000,44:15:0.000000,44:16:0.000000,44:18:0.000000,44:22:0.000000,44:22:0.000000,44:22:0.000000,44:22:0.000000,44:22:0.000000,44:22:0.000000,44:22:0.000000,44:22:0.000000,44:22:0.000000,44:22:0.000000,44:22:0.000000,44:23:0.000000,44:23:0.000000,44:23:0.000000,44:23:0.000000,44:23:0.000000,44:23:0.000000,44:23:0.000000,44:23:0.000000,44:23:0.000000,44:23:0.000000,44:23:0.000000,44:23:0.000000,44:23:0.000000,44:24:0.000000,44:24:0.000000,44:25:0.000000,44:25:0.000000,44:25:0.000000,44:25:0.000000,44:25:0.000000,44:25:0.000000,44:25:0.000000,44:26:0.000000,44:26:0.000000,44:26:0.000000,44:26:0.000000,44:26:0.000000,44:26:0.000000,44:26:0.000000,44:26:0.000000,44:27:0.000000,44:27:0.000000,44:28:0.000000,44:29:0.000000,44:29:0.000000,44:29:0.000000,44:30:0.000000,44:31:0.000000,44:32:0.000000,44:33:0.000000,44:34:0.000000,44:35:0.000000,44:36:0.000000,44:39:0.000000,44:40:0.000000,44:41:0.000000,44:43:0.000000,44:44:0.000000,44:45:0.985459,44:46:0.971129,44:54:0.863742,44:59:0.802742,44:61:0.779565,44:62:0.768229,44:63:0.757058,44:67:0.713975,44:69:0.693361,44:70:0.683279,44:74:0.644394,
45:1:0.000000,45:2:0.000000,45:4:0.000000,45:9:0.000000,45:15:0.000000,45:16:0.000000,45:18:0.000000,45:22:0.000000,45:22:0.000000,45:22:0.000000,45:22:0.000000,45:22:0.000000,45:22:0.000000,45:22:0.000000,45:22:0.000000,45:22:0.000000,45:22:0.000000,45:22:0.000000,45:23:0.000000,45:23:0.000000,45:23:0.000000,45:23:0.000000,45:23:0.000000,45:23:0.000000,45:23:0.000000,45:23:0.000000,45:23:0.000000,45:23:0.000000,45:23:0.000000,45:23:0.000000,45:23:0.000000,45:24:0.000000,45:24:0.000000,45:25:0.000000,45:25:0.000000,45:25:0.000000,45:25:0.000000,45:25:0.000000,45:25:0.000000,45:25:0.000000,45:26:0.000000,45:26:0.000000,45:26:0.000000,45:26:0.000000,45:26:0.000000,45:26:0.000000,45:26:0.000000,45:26:0.000000,45:27:0.000000,45:27:0.000000,45:28:0.000000,45:29:0.000000,45:29:0.000000,45:29:0.000000,45:30:0.000000,45:31:0.000000,45:32:0.000000,45:33:0.000000,45:34:0.000000,45:35:0.000000,45:36:0.000000,45:39:0.000000,45:40:0.000000,45:41:0.000000,45:43:0.000000,45:44:0.000000,45:45:0.000000,45:46:0.985459,45:54:0.876487,45:59:0.814587,45:61:0.791069,45:62:0.779565,45:63:0.768229,45:67:0.724510,45:69:0.703592,45:70:0.693361,45:74:0.653903,
46:1:0.000000,46:2:0.000000,46:4:0.000000,46:9:0.000000,46:15:0.000000,46:16:0.000000,46:18:0.000000,46:22:0.000000,46:22:0.000000,46:22:0.000000,46:22:0.000000,46:22:0.000000,46:22:0.000000,46:22:0.000000,46:22:0.000000,46:22:0.000000,46:22:0.000000,46:22:0.000000,46:23:0.000000,46:23:0.000000,46:23:0.000000,46:23:0.000000,46:23:0.000000,46:23:0.000000,46:23:0.000000,46:23:0.000000,46:23:0.000000,46:23:0.000000,46:23:0.000000,46:23:0.000000,46:23:0.000000,46:24:0.000000,46:24:0.000000,46:25:0.000000,46:25:0.000000,46:25:0.000000,46:25:0.000000,46:25:0.000000,46:25:0.000000,46:25:0.000000,46:26:0.000000,46:26:0.000000,46:26:0.000000,46:26:0.000000,46:26:0.000000,46:26:0.000000,46:26:0.000000,46:26:0.000000,46:27:0.000000,46:27:0.000000,46:28:0.000000,46:29:0.000000,46:29:0.000000,46:29:0.000000,46:30:0.000000,46:31:0.000000,46:32:0.000000,46:33:0.000000,46:34:0.000000,46:35:0.000000,46:36:0.000000,46:39:0.000000,46:40:0.000000,46:41:0.000000,46:43:0.000000,46:44:0.000000,46:45:0.000000,46:46:0.000000,46:54:0.889420,46:59:0.826607,46:61:0.802742,46:62:0.791069,46:63:0.779565,46:67:0.735201,46:69:0.713975,46:70:0.703592,46:74:0.663552,
54:1:0.000000,54:2:0.000000,54:4:0.000000,54:9:0.000000,54:15:0.000000,54:16:0.000000,54:18:0.000000,54:22:0.000000,54:22:0.000000,54:22:0.000000,54:22:0.000000,54:22:0.000000,54:22:0.000000,54:22:0.000000,54:22:0.000000,54:22:0.000000,54:22:0.000000,54:22:0.000000,54:23:0.000000,54:23:0.000000,54:23:0.000000,54:23:0.000000,54:23:0.000000,54:23:0.000000,54:23:0.000000,54:23:0.000000,54:23:0.000000,54:23:0.000000,54:23:0.000000,54:23:0.000000,54:23:0.000000,54:24:0.000000,54:24:0.000000,54:25:0.000000,54:25:0.000000,54:25:0.000000,54:25:0.000000,54:25:0.000000,54:25:0.000000,54:25:0.000000,54:26:0.000000,54:26:0.000000,54:26:0.000000,54:26:0.000000,54:26:0.000000,54:26:0.000000,54:26:0.000000,54:26:0.000000,54:27:0.000000,54:27:0.000000,54:28:0.000000,54:29:0.000000,54:29:0.000000,54:29:0.000000,54:30:0.000000,54:31:0.000000,54:32:0.000000,54:33:0.000000,54:34:0.000000,54:35:0.000000,54:36:0.000000,54:39:0.000000,54:40:0.000000,54:41:0.000000,54:43:0.000000,54:44:0.000000,54:45:0.000000,54:46:0.000000,54:54:0.000000,54:59:0.929377,54:61:0.902545,54:62:0.889420,54:63:0.876487,54:67:0.826607,54:69:0.802742,54:70:0.791069,54:74:0.746050,
59:1:0.000000,59:2:0.000000,59:4:0.000000,59:9:0.000000,59:15:0.000000,59:16:0.000000,59:18:0.000000,59:22:0.000000,59:22:0.000000,59:22:0.000000,59:22:0.000000,59:22:0.000000,59:22:0.000000,59:22:0.000000,59:22:0.000000,59:22:0.000000,59:22:0.000000,59:22:0.000000,59:23:0.000000,59:23:0.000000,59:23:0.000000,59:23:0.000000,59:23:0.000000,59:23:0.000000,59:23:0.000000,59:23:0.000000,59:23:0.000000,59:23:0.000000,59:23:0.000000,59:23:0.000000,59:23:0.000000,59:24:0.000000,59:24:0.000000,59:25:0.000000,59:25:0.000000,59:25:0.000000,59:25:0.000000,59:25:0.000000,59:25:0.000000,59:25:0.000000,59:26:0.000000,59:26:0.000000,59:26:0.000000,59:26:0.000000,59:26:0.000000,59:26:0.000000,59:26:0.000000,59:26:0.000000,59:27:0.000000,59:27:0.000000,59:28:0.000000,59:29:0.000000,59:29:0.000000,59:29:0.000000,59:30:0.000000,59:31:0.000000,59:32:0.000000,59:33:0.000000,59:34:0.000000,59:35:0.000000,59:36:0.000000,59:39:0.000000,59:40:0.000000,59:41:0.000000,59:43:0.000000,59:44:0.000000,59:45:0.000000,59:46:0.000000,59:54:0.000000,59:59:0.000000,59:61:0.971129,59:62:0.957007,59:63:0.943091,59:67:0.889420,59:69:0.863742,59:70:0.851182,59:74:0.802742,
61:1:0.000000,61:2:0.000000,61:4:0.000000,61:9:0.000000,61:15:0.000000,61:16:0.000000,61:18:0.000000,61:22:0.000000,61:22:0.000000,61:22:0.000000,61:22:0.000000,61:22:0.000000,61:22:0.000000,61:22:0.000000,61:22:0.000000,61:22:0.000000,61:22:0.000000,61:22:0.000000,61:23:0.000000,61:23:0.000000,61:23:0.000000,61:23:0.000000,61:23:0.000000,61:23:0.000000,61:23:0.000000,61:23:0.000000,61:23:0.000000,61:23:0.000000,61:23:0.000000,61:23:0.000000,61:23:0.000000,61:24:0.000000,61:24:0.000000,61:25:0.000000,61:25:0.000000,61:25:0.000000,61:25:0.000000,61:25:0.000000,61:25:0.000000,61:25:0.000000,61:26:0.000000,61:26:0.000000,61:26:0.000000,61:26:0.000000,61:26:0.000000,61:26:0.000000,61:26:0.000000,61:26:0.000000,61:27:0.000000,61:27:0.000000,61:28:0.000000,61:29:0.000000,61:29:0.000000,61:29:0.000000,61:30:0.000000,61:31:0.000000,61:32:0.000000,61:33:0.000000,61:34:0.000000,61:35:0.000000,61:36:0.000000,61:39:0.000000,61:40:0.000000,61:41:0.000000,61:43:0.000000,61:44:0.000000,61:45:0.000000,61:46:0.000000,61:54:0.000000,61:59:0.000000,61:61:0.000000,61:62:0.985459,61:63:0.971129,61:67:0.915863,61:69:0.889420,61:70:0.876487,61:74:0.826607,
62:1:0.000000,62:2:0.000000,62:4:0.000000,62:9:0.000000,62:15:0.000000,62:16:0.000000,62:18:0.000000,62:22:0.000000,62:22:0.000000,62:22:0.000000,62:22:0.000000,62:22:0.000000,62:22:0.000000,62:22:0.000000,62:22:0.000000,62:22:0.000000,62:22:0.000000,62:22:0.000000,62:23:0.000000,62:23:0.000000,62:23:0.000000,62:23:0.000000,62:23:0.000000,62:23:0.000000,62:23:0.000000,62:23:0.000000,62:23:0.000000,62:23:0.000000,62:23:0.000000,62:23:0.000000,62:23:0.000000,62:24:0.000000,62:24:0.000000,62:25:0.000000,62:25:0.000000,62:25:0.000000,62:25:0.000000,62:25:0.000000,62:25:0.000000,62:25:0.000000,62:26:0.000000,62:26:0.000000,62:26:0.000000,62:26:0.000000,62:26:0.000000,62:26:0.000000,62:26:0.000000,62:26:0.000000,62:27:0.000000,62:27:0.000000,62:28:0.000000,62:29:0.000000,62:29:0.000000,62:29:0.000000,62:30:0.000000,62:31:0.000000,62:32:0.000000,62:33:0.000000,62:34:0.000000,62:35:0.000000,62:36:0.000000,62:39:0.000000,62:40:0.000000,62:41:0.000000,62:43:0.000000,62:44:0.000000,62:45:0.000000,62:46:0.000000,62:54:0.000000,62:59:0.000000,62:61:0.000000,62:62:0.000000,62:63:0.985459,62:67:0.929377,62:69:0.902545,62:70:0.889420,62:74:0.838804,
63:1:0.000000,63:2:0.000000,63:4:0.000000,63:9:0.000000,63:15:0.000000,63:16:0.000000,63:18:0.000000,63:22:0.000000,63:22:0.000000,63:22:0.000000,63:22:0.000000,63:22:0.000000,63:22:0.000000,63:22:0.000000,63:22:0.000000,63:22:0.000000,63:22:0.000000,63:22:0.000000,63:23:0.000000,63:23:0.000000,63:23:0.000000,63:23:0.000000,63:23:0.000000,63:23:0.000000,63:23:0.000000,63:23:0.000000,63:23:0.000000,63:23:0.000000,63:23:0.000000,63:23:0.000000,63:23:0.000000,63:24:0.000000,63:24:0.000000,63:25:0.000000,63:25:0.000000,63:25:0.000000,63:25:0.000000,63:25:0.000000,63:25:0.000000,63:25:0.000000,63:26:0.000000,63:26:0.000000,63:26:0.000000,63:26:0.000000,63:26:0.000000,63:26:0.000000,63:26:0.000000,63:26:0.000000,63:27:0.000000,63:27:0.000000,63:28:0.000000,63:29:0.000000,63:29:0.000000,63:29:0.000000,63:30:0.000000,63:31:0.000000,63:32:0.000000,63:33:0.000000,63:34:0.000000,63:35:0.000000,63:36:0.000000,63:39:0.000000,63:40:0.000000,63:41:0.000000,63:43:0.000000,63:44:0.000000,63:45:0.000000,63:46:0.000000,63:54:0.000000,63:59:0.000000,63:61:0.000000,63:62:0.000000,63:63:0.000000,63:67:0.943091,63:69:0.915863,63:70:0.902545,63:74:0.851182,
67:1:0.000000,67:2:0.000000,67:4:0.000000,67:9:0.000000,67:15:0.000000,67:16:0.000000,67:18:0.000000,67:22:0.000000,67:22:0.000000,67:22:0.000000,67:22:0.000000,67:22:0.000000,67:22:0.000000,67:22:0.000000,67:22:0.000000,67:22:0.000000,67:22:0.000000,67:22:0.000000,67:23:0.000000,67:23:0.000000,67:23:0.000000,67:23:0.000000,67:23:0.000000,67:23:0.000000,67:23:0.000000,67:23:0.000000,67:23:0.000000,67:23:0.000000,67:23:0.000000,67:23:0.000000,67:23:0.000000,67:24:0.000000,67:24:0.000000,67:25:0.000000,67:25:0.000000,67:25:0.000000,67:25:0.000000,67:25:0.000000,67:25:0.000000,67:25:0.000000,67:26:0.000000,67:26:0.000000,67:26:0.000000,67:26:0.000000,67:26:0.000000,67:26:0.000000,67:26:0.000000,67:26:0.000000,67:27:0.000000,67:27:0.000000,67:28:0.000000,67:29:0.000000,67:29:0.000000,67:29:0.000000,67:30:0.000000,67:31:0.000000,67:32:0.000000,67:33:0.000000,67:34:0.000000,67:35:0.000000,67:36:0.000000,67:39:0.000000,67:40:0.000000,67:41:0.000000,67:43:0.000000,67:44:0.000000,67:45:0.000000,67:46:0.000000,67:54:0.000000,67:59:0.000000,67:61:0.000000,67:62:0.000000,67:63:0.000000,67:67:0.000000,67:69:0.971129,67:70:0.957007,67:74:0.902545,
69:1:0.000000,69:2:0.000000,69:4:0.000000,69:9:0.000000,69:15:0.000000,69:16:0.000000,69:18:0.000000,69:22:0.000000,69:22:0.000000,69:22:0.000000,69:22:0.000000,69:22:0.000000,69:22:0.000000,69:22:0.000000,69:22:0.000000,69:22:0.000000,69:22:0.000000,69:22:0.000000,69:23:0.000000,69:23:0.000000,69:23:0.000000,69:23:0.000000,69:23:0.000000,69:23:0.000000,69:23:0.000000,69:23:0.000000,69:23:0.000000,69:23:0.000000,69:23:0.000000,69:23:0.000000,69:23:0.000000,69:24:0.000000,69:24:0.000000,69:25:0.000000,69:25:0.000000,69:25:0.000000,69:25:0.000000,69:25:0.000000,69:25:0.000000,69:25:0.000000,69:26:0.000000,69:26:0.000000,69:26:0.000000,69:26:0.000000,69:26:0.000000,69:26:0.000000,69:26:0.000000,69:26:0.000000,69:27:0.000000,69:27:0.000000,69:28:0.000000,69:29:0.000000,69:29:0.000000,69:29:0.000000,69:30:0.000000,69:31:0.000000,69:32:0.000000,69:33:0.000000,69:34:0.000000,69:35:0.000000,69:36:0.000000,69:39:0.000000,69:40:0.000000,69:41:0.000000,69:43:0.000000,69:44:0.000000,69:45:0.000000,69:46:0.000000,69:54:0.000000,69:59:0.000000,69:61:0.000000,69:62:0.000000,69:63:0.000000,69:67:0.000000,69:69:0.000000,69:70:0.985459,69:74:0.929377,
70:1:0.000000,70:2:0.000000,70:4:0.000000,70:9:0.000000,70:15:0.000000,70:16:0.000000,70:18:0.000000,70:22:0.000000,70:22:0.000000,70:22:0.000000,70:22:0.000000,70:22:0.000000,70:22:0.000000,70:22:0.000000,70:22:0.000000,70:22:0.000000,70:22:0.000000,70:22:0.000000,70:23:0.000000,70:23:0.000000,70:23:0.000000,70:23:0.000000,70:23:0.000000,70:23:0.000000,70:23:0.000000,70:23:0.000000,70:23:0.000000,70:23:0.000000,70:23:0.000000,70:23:0.000000,70:23:0.000000,70:24:0.000000,70:24:0.000000,70:25:0.000000,70:25:0.000000,70:25:0.000000,70:25:0.000000,70:25:0.000000,70:25:0.000000,70:25:0.000000,70:26:0.000000,70:26:0.000000,70:26:0.000000,70:26:0.000000,70:26:0.000000,70:26:0.000000,70:26:0.000000,70:26:0.000000,70:27:0.000000,70:27:0.000000,70:28:0.000000,70:29:0.000000,70:29:0.000000,70:29:0.000000,70:30:0.000000,70:31:0.000000,70:32:0.000000,70:33:0.000000,70:34:0.000000,70:35:0.000000,70:36:0.000000,70:39:0.000000,70:40:0.000000,70:41:0.000000,70:43:0.000000,70:44:0.000000,70:45:0.000000,70:46:0.000000,70:54:0.000000,70:59:0.000000,70:61:0.000000,70:62:0.000000,70:63:0.000000,70:67:0.000000,70:69:0.000000,70:70:0.000000,70:74:0.943091,
74:1:0.000000,74:2:0.000000,74:4:0.000000,74:9:0.000000,74:15:0.000000,74:16:0.000000,74:18:0.000000,74:22:0.000000,74:22:0.000000,74:22:0.000000,74:22:0.000000,74:22:0.000000,74:22:0.000000,74:22:0.000000,74:22:0.000000,74:22:0.000000,74:22:0.000000,74:22:0.000000,74:23:0.000000,74:23:0.000000,74:23:0.000000,74:23:0.000000,74:23:0.000000,74:23:0.000000,74:23:0.000000,74:23:0.000000,74:23:0.000000,74:23:0.000000,74:23:0.000000,74:23:0.000000,74:23:0.000000,74:24:0.000000,74:24:0.000000,74:25:0.000000,74:25:0.000000,74:25:0.000000,74:25:0.000000,74:25:0.000000,74:25:0.000000,74:25:0.000000,74:26:0.000000,74:26:0.000000,74:26:0.000000,74:26:0.000000,74:26:0.000000,74:26:0.000000,74:26:0.000000,74:26:0.000000,74:27:0.000000,74:27:0.000000,74:28:0.000000,74:29:0.000000,74:29:0.000000,74:29:0.000000,74:30:0.000000,74:31:0.000000,74:32:0.000000,74:33:0.000000,74:34:0.000000,74:35:0.000000,74:36:0.000000,74:39:0.000000,74:40:0.000000,74:41:0.000000,74:43:0.000000,74:44:0.000000,74:45:0.000000,74:46:0.000000,74:54:0.000000,74:59:0.000000,74:61:0.000000,74:62:0.000000,74:63:0.000000,74:67:0.000000,74:69:0.000000,74:70:0.000000,74:74:0.000000,
